f4d_1;F4D-1;25;25;25;6;USA
ucav_mq_1_predator;MQ-1;29;29;29;7;USA
ucav_orion;Orion;29;29;29;7;USSR
ucav_wing_loong_i;Wing Long I;29;29;29;7;China
ucav_recon_micro;Recon Micro;29;29;29;7;USA
ucav_recon_micro_flir;Recon Micro;29;29;29;7;USA
ucav_mq_1_predator_usa_killstreak;MQ-1;29;29;29;7;USA
ucav_mq_1_predator_uk_killstreak;MQ-1;29;29;29;7;Great Britain
ucav_mq_1_predator_sweden_killstreak;MQ-1;29;29;29;7;Sweden
ucav_mq_1_predator_france_killstreak;MQ-1;29;29;29;7;France
ucav_mq_1_predator_japan_killstreak;MQ-1;29;29;29;7;Japan
ucav_mq_1_predator_germany_killstreak;MQ-1;29;29;29;7;Germany
ucav_mq_1_predator_iaf_killstreak;MQ-1;29;29;29;7;Israel
ucav_mq_1_predator_italy_killstreak;MQ-1;29;29;29;7;Italy
ucav_orion_killstreak;Orion;29;29;29;7;USSR
ucav_wing_loong_i_killstreak;Wing Long I;29;29;29;7;China
a_10a_early;A-10A;26;26;26;6;USA
a_10a_late;A-10A Late;26;27;26;7;USA
jaguar_gr1a;Jaguar GR.1A;27;27;27;7;Great Britain
f2g-1;F2G-1;13;15;17;4;USA
bi;BI;17;17;16;5;USSR
p-59a;P-59A;13;13;17;4;USA
mig-15bis_ish;MiG-15bis ISH;23;22;23;5;USSR
f-100d;F-100D;25;26;26;6;USA
f-100d_france;⦿F-100D;26;26;26;6;France
f-100a_china;␗F-100A;26;26;26;6;China
f-4c;F-4C Phantom II;29;27;29;6;USA
f-5a;F-5A;28;28;28;6;USA
f-5a_china;␗F-5A;30;30;28;7;China
f-5e_aidc;␗F-5E;30;30;30;7;China
f-5c;F-5C;27;28;28;6;USA
f-5e;F-5E;30;30;30;7;USA
f-104a;F-104A;26;27;26;6;USA
f-104c;F-104C;26;27;26;6;USA
f-104g;F-104G;28;29;27;7;Germany
f-104a_china;␗F-104A;26;27;27;6;China
f-104g_china;␗F-104G;29;29;27;7;China
f-104g_italy;⦿F-104G;28;29;27;6;Italy
f-104j;F-104J;28;29;27;6;Japan
f-104s;F-104S;29;29;28;6;Italy
f-104s_asa;F-104S.ASA;30;31;30;7;Italy
lightning_f6;Lightning F.6;26;25;26;6;Great Britain
lightning_f53;Lightning F.53;26;25;26;6;Great Britain
jaguar_gr1;Jaguar GR.1;26;26;26;6;Great Britain
f-4e;F-4E Phantom II;30;30;30;7;USA
f-4j;F-4J Phantom II;30;31;30;7;USA
f-4ej;F-4EJ Phantom II;30;30;30;7;Japan
f-4ej_kai;F-4EJ Kai Phantom II;30;31;30;7;Japan
f-4m_fgr2;Phantom FGR.2;30;31;30;7;Great Britain
f-4k;Phantom FG.1;30;31;30;7;Great Britain
f-4f;F-4F Early;29;28;29;7;Germany
f-4f_late;F-4F;30;30;30;7;Germany
f_14a_early;F-14A Early;31;31;30;7;USA
fiat_g91_r3;✠G.91 R/3;24;23;24;5;Germany
ju-388j;Ju 388 J;11;10;10;4;Germany
i_180;I-180S;6;6;6;2;USSR
fj_4b;FJ-4B;24;23;24;6;USA
f11f_1_late;F11F-1;24;24;24;6;USA
f3h-2;F3H-2;25;26;26;6;USA
av_8a;AV-8A;25;26;26;6;USA
av_8c;AV-8C;26;26;26;6;USA
a_7d;A-7D;29;28;26;7;USA
a_7e;A-7E;29;29;27;7;USA
f8u-2;F8U-2;26;28;28;6;USA
f-8e;F-8E;27;28;28;7;USA
f-8e_fn;⦿F-8E(FN);27;28;28;7;France
a_4b;A-4B;24;23;24;6;USA
a_4e_early;A-4E Early;24;23;25;6;USA
a_4e_early_iaf;✡A-4E Early (M);24;23;25;6;Israel
f-4e_iaf;✡F-4E Phantom II;30;30;30;7;Israel
b_48_firecrest;Firecrest;5;4;7;2;Great Britain
dh_110_sea_vixen;Sea Vixen F.A.W. Mk.2;21;23;22;5;Great Britain
sea_hawk_fga6;Sea Hawk FGA.6;21;20;19;5;Great Britain
sea_hawk_mk100;Sea Hawk Mk.100;21;21;21;5;Germany
ju-288c;Ju 288 C;15;15;14;4;Germany
ju-188a-2;Ju 188 A-2;13;13;13;4;Germany
mb_175t;M.B.175T;6;7;7;3;France
fj_4b_agm_12b;FJ-4B VMF-232;24;23;24;6;USA
f4u-6_au-1;AU-1;14;14;14;4;USA
f4u-7;F4U-7;15;15;15;4;France
leo_451_late;LeO 451 late;6;6;6;2;France
f-84g_france;⦿F-84G-26-RE;20;20;21;5;France
bf-109z;Bf 109 Z-1;11;11;11;4;Germany
p-40f-5_france_ep;⦿P-40F-5 Lafayette;4;5;5;2;France
p-40f_10;P-40F-10;4;5;5;2;USA
a-20g;A-20G-25;5;6;6;2;USA
arado-196a-3;Ar 196 A-3;2;1;2;1;Germany
arado-196a-5;⦿Ar 196 A-5;2;1;2;1;Sweden
arado-234;Ar 234 B-2;16;16;17;5;Germany
b-17g;B-17G-60-VE;13;13;16;4;USA
p_108b_serie1;P.108B serie 1;8;7;7;3;Italy
re_2000_int;Re.2000 serie 1;3;4;3;2;Italy
re_2000_ga;Re.2000 G.A.;3;4;3;2;Italy
re_2000_ga_ep;Re.2000 G.A. Red 5;3;4;3;2;Italy
re_2001_serie1;Re.2001 serie 1;6;5;4;2;Italy
re_2001_serie1_ep;Re.2001 gruppo 22;6;5;4;2;Italy
re_2001_cb;Re.2001 CB;6;5;4;2;Italy
re_2001_cn;Re.2001 CN;10;7;5;3;Italy
re_2005_serie0;Re.2005 serie 0;14;14;13;4;Italy
re_2002_early;Re.2002 Early;4;4;4;2;Italy
f-86k_late;⦿F-86K;24;24;25;6;France
f-86k_late_italy;⦿F-86K;24;24;25;6;Italy
f-86k_late_german;✠F-86K;24;24;25;6;Germany
me_264;Me 264;10;12;12;3;Germany
p_108b_serie2;P.108B serie 2;9;8;8;4;Italy
bf-109e-1;Bf 109 E-1;4;4;4;1;Germany
bf-109e-3;Bf 109 E-3;5;4;5;2;Germany
bf-109f-4;Bf 109 F-4;10;9;9;3;Germany
bf-109f-4_trop;Bf 109 F-4/trop;10;9;9;3;Germany
bf-109g-10;Bf 109 G-10;14;14;13;4;Germany
bf-109g-2;Bf 109 G-2/trop;13;10;9;3;Germany
bf-109g-6_finland;⦿Bf 109 G-6;13;11;11;4;Sweden
bf-109k-4;Bf 109 K-4;16;14;14;4;Germany
bf-110c-4;Bf 110 C-7;6;5;6;2;Germany
bf-110c-6;Bf 110 C-6;6;6;6;2;Germany
bf-110f-2;Bf 110 F-2;6;6;7;2;Germany
bf-110g-2;Bf 110 G-2;8;8;8;3;Germany
bf_110g_4_hungary;⦿Bf 110 G-4;8;8;8;3;Italy
bf_110g_4;Bf 110 G-4;8;8;8;3;Germany
blenheim_mkiv;Blenheim Mk IV;1;2;2;1;Great Britain
hp52_hampden_mk1_late;Hampden Mk I;2;2;2;1;Great Britain
hp52_hampden_tbmk1;Hampden TB Mk I;2;2;2;1;Great Britain
d_520;⦿D.520;6;6;4;2;Great Britain
d_521;⦿D.521;7;6;5;2;Great Britain
fw-190a-5;Fw 190 A-5/U12;15;11;11;3;Germany
fw-190c;Fw 190 C;13;12;12;4;Germany
fw-190a-5_u2;Fw 190 A-5/U2;10;10;11;3;Germany
fw-190a-5_cannons;Fw 190 A-5;13;11;11;3;Germany
fw-190d-12;Fw 190 D-12;15;12;14;4;Germany
fw-190f-8;Fw 190 F-8;13;12;10;4;Germany
he-177a-5;He 177 A-5;16;15;15;4;Germany
he-111h-16_winter;He 111 H-16;7;6;8;2;Germany
he-111h-2;He 111 H-3;2;4;4;1;Germany
he-111h-6;He 111 H-6;5;5;5;2;Germany
he-162a-2;He 162 A-2;16;15;17;5;Germany
hurricanemkii;Hurricane Mk IIB/Trop;4;4;4;2;Great Britain
i-153_m62;I-153 M-62;3;4;3;1;USSR
i-153p;I-153P;6;5;4;2;USSR
i-16_type17_china;␗I-16 type 17;7;6;5;3;China
i-16_type18;I-16 type 18;4;4;4;1;USSR
i-16_type28;I-16 type 28;7;6;5;2;USSR
il-10;IL-10;12;12;13;4;USSR
il-2i;IL-2 (1942);6;6;5;2;USSR
il-2m;IL-2M type 3;7;7;7;3;USSR
il-4;IL-4;6;6;6;2;USSR
db_3b;DB-3B;5;5;5;2;USSR
db_3a_china;␗DB-3A;5;5;5;2;China
hp52_hampden_tbmk1_ussr_utk1;★Hampden TB Mk I;2;2;3;1;USSR
ju-87b-2;Ju 87 B-2;1;0;1;1;Germany
ju-87d-3;Ju 87 D-3;4;3;4;2;Germany
ju-87d-3_italy;⦿Ju 87 D-3;4;3;4;2;Italy
saab_b18a;B18A;3;5;4;2;Sweden
saab_b18b;B18B;7;8;4;3;Sweden
bf-109g-6;Bf 109 G-6;13;11;11;4;Germany
saab_t18b_1;T18B;8;9;8;4;Sweden
saab_t18b_2;T18B (57);8;10;8;4;Sweden
ju-88a-4;Ju 88 A-4;6;5;5;2;Germany
ju-88c-6;Ju 88 C-6;5;5;5;2;Germany
breda_88;Breda 88 (P.XI);2;2;3;1;Italy
ro_57_quadriarma;Ro.57 Quadriarma;5;5;5;2;Italy
fc_20_bis;F.C.20 Bis;3;3;4;2;Italy
sm_91;SM.91;8;8;9;3;Italy
sm_92;SM.92;9;9;10;4;Italy
ba_65_k14_l;Ba.65 (K.14) L;1;1;1;1;Italy
la-5fn;La-5FN;9;8;9;3;USSR
la-7;La-7;10;11;12;4;USSR
lagg-3-35;LaGG-3-35;4;4;4;2;USSR
lagg-3-11;LaGG-3-11;4;3;4;2;USSR
lagg-3-23;LaGG-3-23;4;4;4;1;USSR
mc-202;✠C. 202;6;6;4;1;Germany
mc-202_ec;C. 202EC;9;9;6;2;Italy
mc-202_italy;C. 202;6;6;4;2;Italy
mc-202_d;C. 202D;6;6;4;2;Italy
me-163b;Me 163 B;21;21;21;5;Germany
me-163b-0;Me 163 B-0;25;23;22;5;Germany
me-262a-1a;Me 262 A-1a;19;18;18;5;Germany
me-262a-1a_early;Me 262 A-1a/Jabo;19;18;19;5;Germany
me-262a1_u1;Me 262 A-1a/U1;19;19;18;5;Germany
me-262a-2a;Me 262 A-2a;17;17;17;5;Germany
mosquito_fb_mk6;Mosquito FB Mk VI;8;8;8;3;Great Britain
mosquito_fb_mk26_china;Mosquito FB.Mk.26;9;8;8;3;China
brigand_b1;Brigand B 1;9;9;10;4;Great Britain
p-39n_su;★Pokryshkin's P-39N-0;7;6;6;3;USSR
p-40e;P-40E-1;4;5;4;2;USA
p-40e_td;P-40E-1 TD;4;5;4;2;USA
p-40c;P-40C;4;4;4;2;USA
p-40c_china;H-81A-2;4;4;4;2;China
p-47d_22_re;P-47D-22-RE;9;9;8;3;USA
p-47d_22_re_france;⦿P-47D-22-RE;9;9;8;3;France
thunderbolt_mk1;⦿Thunderbolt Mk.1;8;9;8;3;Great Britain
p-47d;P-47D-25;9;10;8;3;USA
p-51b;⦿Mustang Mk IA;9;7;9;3;Great Britain
p-51c-10-nt;P-51C-10;8;8;9;3;USA
p-51c-10_france;F-6C-10-NA;8;8;9;3;France
p-51c-11-nt_japan;▅P-51C-11-NT;8;8;9;3;Japan
p-51d-5;P-51D-5;9;10;12;4;USA
po-2;Po-2;0;0;0;1;USSR
po-2m;Po-2M;0;0;0;1;USSR
po-2_nw;Po-2 Night Witch;0;0;0;1;USSR
po_2op_event;"Po-2 """"Overpowered""""";0;0;0;1;USSR
spitfire_ix;Spitfire LF Mk IX;13;14;12;4;Great Britain
spitfire_mk9c_4cannons;Spitfire F Mk IXc;12;11;11;3;Great Britain
spitfire_ix_early;Spitfire F Mk IX;10;10;11;3;Great Britain
spitfire_xvi;Spitfire F Mk XVI;11;12;12;4;Great Britain
spitfiremkii;Spitfire Mk IIb;8;8;6;2;Great Britain
spitfiremkiia;Spitfire Mk IIa;5;6;6;2;Great Britain
spitfiremkiia_ep;Spitfire Mk.IIa Venture I;5;6;6;2;Great Britain
ta-152h-1;Ta 152 H-1;16;15;14;4;Germany
yak-1b;Yak-1B;7;6;7;2;USSR
yak-3;Yak-3;9;10;11;3;USSR
yak-7b;Yak-7B;7;5;5;2;USSR
yak-9t;Yak-9T;8;9;9;3;USSR
whirlwind_mk1;Whirlwind Mk I;11;8;9;4;Great Britain
whirlwind_p9;Whirlwind P.9;10;8;10;3;Great Britain
ms_405c1;M.S.405C1;3;3;2;1;France
ms_406c1;M.S.406C1;3;3;3;1;France
h-75a-1_france;H-75A-1;1;2;2;1;France
h-75a-4_france;H-75A-4;2;4;4;1;France
h-75a-2_finland;✠Hawk H-75A-2;5;5;4;1;Germany
sb2u-3;SB2U-3;2;2;2;1;USA
sb2u-2;SB2U-2;0;0;1;1;USA
v_156_f;V-156-F;1;0;1;1;France
v_156_b1;V-156-B1;1;0;1;1;Great Britain
yak-9t_france;Challe's ⦿Yak-9T;8;9;9;3;France
yak-9k;Yak-9K;8;9;10;3;USSR
ki_32;Ki-32;0;1;1;1;Japan
iar_81c;IAR-81C;5;5;5;2;Italy
a5m4;A5M4;1;1;1;1;Japan
a6m2_n_zero;A6M2-N;5;4;4;2;Japan
n1k1_kyuofu;N1K1;5;4;5;2;Japan
a6m2_zero;A6M2;8;8;7;2;Japan
a6m2_mod11;A6M2 mod. 11;7;8;7;2;Japan
a6m3_zero;A6M3;10;9;8;3;Japan
a6m3_mod22_zero;A6M3 mod. 22;10;10;9;3;Japan
a6m5_zero;A6M5;11;12;11;3;Japan
b-17e;B-17E;11;11;14;3;USA
b-17e_late;B-17E/L;11;12;14;3;USA
b_24d;B-24D-25-CO;13;14;15;4;USA
pb4y-2;PB4Y-2;12;13;14;3;USA
pb4y-2_china;␗PB4Y-2;12;13;14;3;China
b5n2;B5N2;0;1;2;1;Japan
b6n1;B6N1 Model 11;2;2;3;2;Japan
b6n2;B6N2 Model 12;3;4;4;2;Japan
b6n2a;B6N2a Model 12Ko;3;4;4;2;Japan
beaufighter_mk21;Beaufighter Mk 21;6;8;9;3;Great Britain
beaufighter_mk1_40mm;Beaufighter Mk I (40-mm);3;4;7;2;Great Britain
beaufighter_mk6c;Beaufighter Mk VIc;4;6;7;2;Great Britain
beaufighter_mkx;Beaufighter Mk X;5;6;8;2;Great Britain
hudson_mk_v;⦿Hudson Mk V;4;3;3;2;Great Britain
a_29_hudson;A-29;4;3;3;1;China
br_20_dr;B.R.20DR;2;2;2;1;Italy
br_20m_m1;B.R.20M M1;2;2;2;1;Italy
beaufort_mkviii;Beaufort Mk VIII;1;2;4;1;Great Britain
boomerang_mki;⦿Boomerang Mk I;7;6;5;2;Great Britain
boomerang_mkii;⦿Boomerang Mk II;7;6;5;2;Great Britain
d3a1;D3A1;1;1;1;1;Japan
f2a-3;F2A-3;5;5;4;1;USA
f2a-1;F2A-1;3;4;4;1;USA
f4f-3;F4F-3;5;5;6;2;USA
f4f-4;F4F-4;6;6;6;2;USA
f4f-4_martlet_mk4;⦿Martlet Mk IV;6;5;6;2;Great Britain
f4u-1a;F4U-1A;5;5;8;2;USA
f4u-1c;F4U-1C;12;11;11;3;USA
f4u-1d;F4U-1D;6;7;8;3;USA
f6f-3;F6F-5;6;7;8;3;USA
f6f-5n;F6F-5N;12;10;11;3;USA
cr_32;CR.32;0;0;0;1;Italy
cr_32_quater;CR.32 quater;0;0;0;1;Italy
cr_32_bis;CR.32 bis;2;2;2;1;Italy
fiat_cr42;✠CR.42;2;1;1;1;Germany
fiat_cr42_italy;CR.42;2;1;1;1;Italy
fiat_g50_seria2;✠G.50 serie 2;3;2;2;1;Germany
fiat_g50_seria2_italy;G.50 serie 2;3;2;2;1;Italy
fiat_g50_seria7as;✠G.50 AS serie 7;3;2;4;1;Germany
fiat_g50_seria7as_italy;G.50 AS serie 7;3;2;4;1;Italy
g4m1;G4M1;6;5;6;2;Japan
gladiator_mk2;Gladiator Mk II;2;1;1;1;Great Britain
gladiator_j8a;J8A;0;0;0;1;Sweden
h6k4;H6K4;3;2;4;1;Japan
hs-129b-2;Hs 129 B-2;7;5;5;3;Germany
hurricane_mk1;Hurricane Mk I/L;5;4;3;2;Great Britain
hurricane_mk1_late_ep;Hurricane Mk.I/L FAA M;5;4;3;2;Great Britain
ju-87r-2;Ju 87 R-2;1;1;1;1;Germany
ju-87r-2_italy;⦿Ju 87 R-2;1;1;1;1;Italy
ju-87r-2_snake;Ju 87 R-2 Libya;1;1;1;1;Germany
ki_43_2;Ki-43-II;3;4;5;2;Japan
ki_61_1a_hei;Ki-61-I hei;13;11;9;3;Japan
ki_61_1a_hei_ep;Ki-61-I hei Tada's;13;11;9;3;Japan
ki_61_1a_ko;Ki-61-I ko;6;6;5;2;Japan
ki_61_1a_otsu;Ki-61-I otsu;8;8;7;2;Japan
lancaster_mk3;Lancaster B Mk III;12;13;15;4;Great Britain
shackleton_mr_mk_2;Shackleton MR.Mk.2;13;15;16;4;Great Britain
mc200_serie3;✠C. 200 serie 3;3;4;2;1;Germany
mc200_serie3_italy;C. 200 serie 3;3;4;2;2;Italy
mc200_serie7;✠C. 200 serie 7;3;4;4;1;Germany
mc200_serie7_italy;C. 200 serie 7;3;4;4;2;Italy
n1k2_j;N1K2-J;14;15;15;4;Japan
n1k2_jko;N1K2-Ja;15;15;16;4;Japan
soc_1;SOC-1;1;1;1;1;USA
os2u_1_naval;OS2U-1;1;1;1;1;USA
os2u_1;OS2U-1;0;0;0;1;USA
os2u_3;OS2U-3;0;0;0;1;USA
p-38g;P-38G-1;5;7;8;2;USA
p-39k_1;★P-39K-1;7;5;6;2;USSR
p-39n;P-39N-0;7;5;6;2;USA
p-39q_15;★P-39Q-15;7;7;7;3;USSR
p-39q_25_france;⦿P-39Q-25;7;8;7;3;France
p-39q_5;P-39Q-5;8;6;7;2;USA
pby-5;PBY-5 Catalina;1;1;3;1;USA
pby-5a;PBY-5A Catalina;2;2;3;1;USA
buccaneer_s1;Buccaneer S.1;26;23;24;6;Great Britain
buccaneer_s2;Buccaneer S.2;28;25;25;6;Great Britain
pbm_1;"PBM-1 """"Mariner""""";3;3;3;2;USA
pbm_3;"PBM-3 """"Mariner""""";6;6;6;2;USA
sbd-3;SBD-3;2;3;2;1;USA
spitfire_mk1;Spitfire Mk Ia;5;6;4;2;Great Britain
spitfire_mk5b;Spitfire Mk Vb/trop;8;8;7;3;Great Britain
spitfire_mk5b_italy;⦿Spitfire Mk Vb/trop;8;8;7;3;Italy
spitfire_mk5b_notrop;Spitfire Mk Vb;9;9;8;3;Great Britain
spitfire_mk5c;Spitfire Mk Vc/trop;13;11;11;3;Great Britain
spitfire_mk5c_notrop;Spitfire Mk Vc;14;12;12;3;Great Britain
swordfish_mk1;Swordfish Mk I;0;0;0;1;Great Britain
swordfish_mk2;Swordfish Mk II;0;0;0;1;Great Britain
tempest_mkv;Tempest Mk V;15;14;15;4;Great Britain
tbf-1c;TBF-1C;2;2;3;2;USA
wirraway;⦿Wirraway;1;1;1;1;Great Britain
kor_1;KOR-1;1;1;1;1;USSR
ro_43;Ro.43;1;1;1;1;Italy
osprey_mk4;Osprey Mk IV;1;0;1;1;Great Britain
walrus_mk1;Walrus Mk.I;1;0;1;1;Great Britain
e7k2;E7K2;1;1;1;1;Japan
e8n2;E8N2;1;1;1;1;Japan
aichi_e13a;Aichi E13A1;1;1;1;1;Japan
f1m2;F1M2;0;0;0;1;Japan
j8m1;Ki-200;24;23;21;5;Japan
p-47d_16_re_germany;✠P-47D-16-RE;8;9;8;3;Germany
p-47d_luftwaffe;✠P-47D;8;10;8;3;Germany
la-5fn_luftwaffe;✠La-5FN;9;8;9;3;Germany
ju-87g_2;Ju 87 G-2;3;2;5;1;Germany
ju-87d-5;Ju 87 D-5;8;7;7;2;Germany
ju-87g_1;Ju 87 G-1;3;1;5;1;Germany
tu-2;Tu-2S;14;13;14;4;USSR
typhoon_mk1a;Typhoon Mk Ia;5;6;5;2;Great Britain
typhoon_mk1b;Typhoon Mk Ib;8;10;9;3;Great Britain
typhoon_mk1b_late;Typhoon Mk Ib/L;11;10;12;3;Great Britain
wellington_mk1c;Wellington Mk Ic;3;4;5;2;Great Britain
pe-2-1;Pe-2-1;7;7;7;2;USSR
bb-1;BB-1;2;1;2;1;USSR
tandem_mai;Tandem MAI;3;3;3;1;USSR
su-2_m82;Su-2 (M-82);3;5;5;1;USSR
su-2_mv5;Su-2 MV-5;2;2;3;1;USSR
su-2_tss1;Su-2 TSS-1;2;3;2;1;USSR
ki-49_1;Ki-49-I;7;6;8;2;Japan
ki-49_2a;Ki-49-IIa;7;7;8;2;Japan
ki-49_2b;Ki-49-IIb;7;8;9;3;Japan
ki-49_2b_late;Ki-49-IIb/L;8;8;10;3;Japan
ki_67_1_ko;Ki-67-I Ko;10;10;11;3;Japan
ki_67_1_otsu;Ki-67-I otsu;12;11;12;3;Japan
mig-15;MiG-15bis;23;23;23;5;USSR
mig-15_ns23;MiG-15;23;22;22;5;USSR
f-86a-5;F-86A-5;20;22;23;5;USA
f-86f-2;F-86F-2;24;24;24;6;USA
f-86f-25;F-86F-25;20;23;23;5;USA
f-86f-35;F-86F-35;19;23;24;5;USA
saab_j29d;J29D;24;23;22;5;Sweden
saab_j29f;J29F;24;24;22;6;Sweden
saab_j29a;J29A;21;20;21;5;Sweden
saab_j29b;A29B;22;21;22;5;Sweden
fiat_cr42_j11;J11;2;1;1;1;Sweden
re_2000_j20;J20;3;3;2;2;Sweden
p-51d-20-na_j26;J26;8;10;12;4;Sweden
vampire_fb5_j28b;A28B;20;21;20;5;Sweden
ffvs_j22_a;J22-A;6;6;3;2;Sweden
ffvs_j22_b;J22-B;9;8;4;3;Sweden
saab_j21a_1;J21A-1;12;10;7;3;Sweden
saab_j21a_2;J21A-2;12;10;8;4;Sweden
saab_a21a_3;A21A-3;12;10;8;4;Sweden
saab_j21ra;J21RA;17;17;17;5;Sweden
saab_a21rb;A21RB;17;17;17;5;Sweden
saab_b3c;B3C;0;1;1;1;Sweden
gladiator_j8a_iacobi;Iacobi's J8A;2;0;1;1;Sweden
j6b;J6B;0;0;0;1;Sweden
j6k1;J6K1;16;15;16;4;Japan
tis_ma;TIS MA;8;10;8;3;USSR
saab_b17bs;S17BS;1;0;1;1;Sweden
saab_b17a;B17A;3;2;3;2;Sweden
saab_b17b;B17B;1;1;1;1;Sweden
saab_j32b;J32B;26;26;26;6;Sweden
saab_j35d;J35D;27;29;29;7;Sweden
saab_j35a;J35A;24;26;26;6;Sweden
saab_a32a;A32A;24;25;24;6;Sweden
saab_ja37;JA37C;29;30;30;7;Sweden
saab_aj37;AJ37;27;28;28;7;Sweden
mig-9;MiG-9;19;19;19;5;USSR
mig-9_ussr;MiG-9 (l);20;19;20;5;USSR
er-2_ach30b_late;Yer-2 (ACh-30B) (l);12;11;14;4;USSR
spitfire_ix_usa;✪Spitfire LF Mk IXc;13;14;12;4;USA
bf-109e-3_japan;▅Bf 109 E-7;6;4;5;2;Japan
hellcat_fmk1;⦿Hellcat Mk II;6;7;8;3;Great Britain
db_7;⦿DB-7;4;4;4;2;Great Britain
boston_mk_1;⦿Boston Mk I;4;4;4;2;Great Britain
intruder_mk_1;⦿Havoc Mk I;3;3;4;1;Great Britain
fw-190a-5_japan;▅Fw 190 A-5;13;11;11;3;Japan
ki_61_1a_otsu_usa;✪Ki-61-Ib;8;8;6;2;USA
pby-5a_ussr;★PBY-5A Catalina;2;2;3;1;USSR
fw-190d-13;Fw 190 D-13;14;12;13;4;Germany
a6m2_zero_usa;✪A6M2;8;8;7;3;USA
p-40e_ussr;★P-40E-1;4;5;4;2;USSR
p-43a-1;P-43A-1;6;5;5;2;USA
me-410a-1;Me 410 A-1;7;8;8;3;Germany
me-410a-1_u2;Me 410 A-1/U2;9;9;10;3;Germany
me-410a-1_u4;Me 410 A-1/U4;5;6;9;3;Germany
me-410b-1;Me 410 B-1;9;9;9;3;Germany
me-410b-1_u2;Me 410 B-1/U2;10;10;12;3;Germany
me-410b-2_u4;Me 410 B-2/U4;6;7;11;3;Germany
me-410b-6_r3;Me 410 B-6/R3;11;12;13;4;Germany
a6m5ko;A6M5 Ko;11;12;11;4;Japan
p-38g_metal;XP-38G;6;7;7;2;USA
yp-38;YP-38;4;6;6;2;USA
bf-109f-4_usa;✪Bf 109 F-4;10;9;9;3;USA
meteor_fmk3;Meteor F Mk 3;19;19;18;5;Great Britain
meteor_fmk3_navy;Sea Meteor F Mk 3;20;19;19;5;Great Britain
meteor_fmk4_lw;Meteor F Mk 4 G.41F;20;20;20;5;Great Britain
meteor_fmk4_sw;Meteor F Mk 4 G.41G;20;21;21;5;Great Britain
p-26a_33;P-26A-33;0;0;0;1;USA
p-26a_34;P-26A-34;0;0;0;1;USA
p-26a_34_m2;P-26A-34 M2;0;0;1;1;USA
p-26b_35;P-26B-35;0;0;0;1;USA
p-63a-10;P-63A-10;9;9;11;3;USA
p-63a-10_ussr;★P-63A-10;9;9;11;4;USSR
p-63a-5;P-63A-5;8;7;8;3;USA
p-63a-5_ussr;★P-63A-5;8;7;8;3;USSR
p-63c-5_kingcobra_animal_version;␠Kingcobra;9;9;11;3;USA
p-63c-5;P-63C-5;9;9;11;3;USA
p-63c-5_ussr;★P-63C-5;9;9;11;4;USSR
wellington_mk10;Wellington Mk X;7;7;9;2;Great Britain
wellington_mk1c_late;Wellington Mk Ic/L;5;5;6;2;Great Britain
wellington_mk3;Wellington Mk III;7;6;9;2;Great Britain
s_81_ar125;S.81;1;1;1;1;Italy
sm_79_1936;✠S.M.79 serie 1;3;2;3;2;Germany
sm_79_1936_italy;S.M.79 serie 1;3;2;3;2;Italy
sm_79_1937;✠S.M.79 serie 4;4;4;4;2;Germany
sm_79_1939;✠S.M.79 serie 8;3;3;4;2;Germany
sm_79_1939_italy;S.M.79 serie 8;3;3;4;2;Italy
sm_79_1941;✠S.M.79 AS;4;4;4;2;Germany
sm_79_1941_italy;S.M.79 AS;4;4;4;2;Italy
sm_79_1942;✠S.M.79 bis/N;5;4;4;2;Germany
sm_79_1943;✠S.M.79 bis/T.M;4;4;4;2;Germany
sm_79_1943_italy;S.M.79 bis/T.M;4;4;4;2;Italy
sm_79_iar;✠S.M.79 B;4;4;4;2;Germany
sm_79_iar_italy;S.M.79 B;4;4;4;2;Italy
z_1007_bis_serie3;Z.1007 bis serie 3;6;5;5;3;Italy
z_1007_bis_serie5;Z.1007 bis serie 5;7;6;6;3;Italy
sb_2m_100;SB 2M-100;1;1;2;1;USSR
sb_2m_103c;SB 2M-103;3;3;3;1;USSR
sb_2m_103_mv3;SB 2M-103 MV-3;4;2;4;1;USSR
sb_2m_103u;SB 2M-103U;5;4;4;1;USSR
sb_2m_103u_mv3;SB 2M-103U MV-3;5;4;4;1;USSR
sb_2m_105;SB 2M-105;6;5;5;1;USSR
ar_2;Ar-2;5;4;5;1;USSR
ki_10_1;Ki-10-I;0;0;0;1;Japan
ki_10_1_commander;Ki-10-I C;0;0;0;1;Japan
ki_10_2;Ki-10-II;0;0;0;1;Japan
ki_10_2_commander;Ki-10-II C;0;0;0;1;Japan
he51a1;He 51 A-1;0;0;0;1;Germany
he51b_2w;He 51 B-2/H;0;0;0;1;Germany
he51b1;He 51 B-1;0;0;0;1;Germany
he51c1;He 51 C-1;0;0;0;1;Germany
he51c1_late;He 51 C-1/L;0;0;0;1;Germany
i-15_1934;I-15 WR;0;0;0;1;USSR
i-15_1935;I-15 M-22;0;0;0;1;USSR
i-15_1935_moscow;I-15R;0;0;0;1;USSR
gladiator_mk2_france;Gladiator Mk IIF;2;1;1;1;Great Britain
gladiator_mk2_silver;Gladiator Mk IIS;2;1;1;1;Great Britain
er-2_ach30b_early;Yer-2 (ACh-30B) (e);12;11;13;4;USSR
er-2_m105_mv3;Yer-2 (M-105);9;8;9;3;USSR
er-2_m105_tat;Yer-2 (M-105) TAT;11;8;9;3;USSR
er-2_m105r_lu2b;Yer-2 (M-105R) LU;11;8;9;3;USSR
er-2_m105r_tat;Yer-2 (M-105R) TAT;11;8;9;3;USSR
pe-2-110;Pe-2-110;9;9;10;3;USSR
pe-2-205;Pe-2-205;8;9;8;3;USSR
pe-2-31;Pe-2-31;7;7;8;2;USSR
pe-2-359;Pe-2-359;11;10;11;3;USSR
pe-2-359_china;Pe-2-359;12;11;11;3;China
pe-2-83;Pe-2-83;8;7;9;2;USSR
pe-3;Pe-3;4;3;5;2;USSR
i_29;I-29;5;5;4;1;USSR
yak-4;Yak-4;3;3;4;1;USSR
yak_2_kabb;Yak-2 KABB;4;4;5;1;USSR
pe-3_bis;Pe-3bis;7;6;6;3;USSR
pe-3_early;Pe-3 (e);3;3;3;2;USSR
a-26c;A-26C-45;13;13;14;4;USA
a-26b;A-26B-50;13;13;14;4;USA
a-26b_10;A-26B-10;12;12;12;4;USA
f4u-1a_japan;▅F4U-1A;6;6;8;2;Japan
wellington_mk1c_luftwaffe;✠Wellington Mk Ic;3;4;6;2;Germany
tu-2_early;Tu-2;9;10;10;3;USSR
he_112v_5;He 112 V-5;1;1;2;1;Germany
he_112a_0;He 112 A-0;2;2;4;1;Germany
he_112b_0;He 112 B-0;4;3;4;1;Germany
he_112b_1;He 112 B-1/U2;4;3;4;1;Germany
he_112b_1_italy;He 112 B-1/U2;4;3;4;1;Italy
he_112b_2;He 112 B-2/U2;4;3;4;1;Germany
he_100d_1;He 100 D-1;2;3;4;1;Germany
fury_mk1;Fury Mk I;0;0;0;1;Great Britain
fury_mk2;Fury Mk II;0;0;0;1;Great Britain
nimrod_mk1;Nimrod Mk I;0;0;0;1;Great Britain
nimrod_mk2;Nimrod Mk II;0;0;0;1;Great Britain
do_217e_2;Do 217 E-2;11;11;9;3;Germany
do_217e_4;Do 217 E-4;12;11;10;3;Germany
do_217m_1;Do 217 M-1;13;11;14;4;Germany
do_217k_1;Do 217 K-1;13;11;13;4;Germany
do_217j_1;Do 217 J-1;3;3;5;1;Germany
do_217j_2;Do 217 J-2;4;4;6;1;Germany
do_217n_1;Do 217 N-1;6;5;7;2;Germany
do_217n_2;Do 217 N-2;6;5;7;2;Germany
su-8;Su-8;11;11;11;4;USSR
tu-1;Tu-1;14;13;14;4;USSR
tu-2_postwar;Tu-2S-44;15;14;15;4;USSR
tu-2_postwar_late;Tu-2S-59;15;14;15;4;USSR
yak-15;Yak-15;16;17;17;5;USSR
yak-15_early;Yak-15P;15;16;17;5;USSR
b_25j_1;B-25J-1;8;9;8;2;USA
b_26b_c;B-26B;10;11;11;3;USA
b_26c_france;B-26C;10;11;11;3;France
b_25j_20;B-25J-20;9;10;10;3;USA
b_25j_30_vvs_ussr;★B-25J-30;9;10;10;3;USSR
p_108a_serie2;P.108A serie 2;2;4;6;2;Italy
meteor_fmk8;Meteor F Mk 8 G.41K;20;21;21;5;Great Britain
meteor_fmk8_iaf;✡Meteor F.8;20;21;21;5;Israel
meteor_nfmk13;✡Meteor NF.13;19;20;20;5;Israel
meteor_fmk8_reaper;Meteor F Mk.8 Reaper;20;21;21;5;Great Britain
javelin_fmk9;Javelin F.(A.W.) Mk.9;22;22;23;6;Great Britain
g5n1;G5N1;10;11;13;4;Japan
g8n1;G8N1;15;15;16;4;Japan
i-153_m62_zhukovskiy;Zhukovsky's I-153-M62;3;4;3;1;USSR
gladiator_mk2_tuck;Tuck's Gladiator Mk II;1;0;1;1;Great Britain
fiat_cr42_marcolin;✠Marcolin's C.R.42 CN;2;1;1;1;Germany
fiat_cr42_marcolin_italy;Marcolin's C.R.42 CN;2;1;1;1;Italy
f2a-1_thach;Thach's F2A-1;3;4;4;1;USA
a5m4_hagiri;Hagiri's A5M4;1;1;1;1;Japan
i-15bis;I-15bis;1;0;0;1;USSR
mig_3_series_1_15;MiG-3-15;2;4;2;2;USSR
lagg-3-66;LaGG-3-66;6;5;5;2;USSR
lagg-3-8;LaGG-3-8;4;3;4;2;USSR
p-36a;P-36A;2;1;2;1;USA
p-36c;P-36C;3;2;4;1;USA
p-36g;P-36G;4;5;5;1;USA
xp-50;XP-50;9;9;9;3;USA
xp-55;XP-55;8;10;6;2;USA
p-51d-20-na;P-51D-20-NA;9;10;12;4;USA
p-47d-28;P-47D-28;9;12;10;3;USA
p1y1_mod11;P1Y1 mod. 11;7;7;10;4;Japan
p1y1_mod11_china;␗P1Y1 mod. 11;7;7;10;3;China
ki-45_hei;Ki-45 hei;2;4;4;2;Japan
ki-45_ko;Ki-45 ko;2;5;5;2;Japan
j1n1_mod11_early;J1N1;3;3;4;1;Japan
ki-45_otsu;Ki-45 otsu;2;4;5;2;Japan
ki-45_tei;Ki-45 tei;1;3;4;1;Japan
yak-9p;Yak-9P;12;12;13;4;USSR
la-7b-20;La-7B-20;12;12;14;4;USSR
p-36a_rasmussen;Rasmussen's P-36A;1;1;2;1;USA
la-5_type37_early;La-5;7;6;6;2;USSR
la-5_type39;La-5F;7;8;7;3;USSR
f9f-5;F9F-5;22;22;22;5;USA
f9f-8;F9F-8;22;22;22;6;USA
f-80;F-80C-10;20;20;20;5;USA
tb_3_m17_32;TB-3M-17-32;1;1;1;1;USSR
vampire_fb5;Vampire FB 5;20;21;20;5;Great Britain
vampire_fb52a_italy;Vampire FB 52A;20;21;20;5;Italy
fiat_g91_ps;G.91 pre-serie;22;22;22;5;Italy
fiat_g91_r1;G.91 R/1;22;23;23;5;Italy
fiat_g91_r4;G.91 R/4;22;23;24;5;Italy
fiat_g91_r4_german;✠G.91 R/4;22;23;24;5;Germany
fiat_g91_y;G.91 Y;25;25;25;6;Italy
fiat_g91_ys;G.91 YS;26;26;25;6;Italy
yak-17;Yak-17;16;17;18;5;USSR
yak-23;Yak-23;23;23;20;5;USSR
xf5f;XF5F;6;4;4;3;USA
btd-1;BTD-1;9;9;9;3;USA
f8f1;F8F-1;10;14;15;4;USA
f4u-4;F4U-4;10;11;12;3;USA
corsair_fmk2;⦿Corsair F Mk II;5;5;8;2;Great Britain
f4u-4b_vmf_214;F4U-4B VMF-214;14;14;14;4;USA
f4u-4b;F4U-4B;14;15;14;4;USA
f8f1b;F8F-1B;16;16;17;4;USA
p-51d-30_usaaf_korea;P-51D-30;11;12;13;4;USA
yak-3_france;⦿Yak-3;9;10;11;3;France
yak-3p;Yak-3P;13;12;14;3;USSR
ki-96;Ki-96;9;8;8;3;Japan
ki_108;Ki-108 Kai;8;8;7;3;Japan
ki_100_early;Ki-100;11;9;8;2;Japan
ki_100_2;Ki-100-II;8;8;8;2;Japan
ki_102_otsu;Ki-102 otsu;6;7;7;3;Japan
yak-9u;Yak-9U;10;11;12;4;USSR
yak-9ut;Yak-9UT;15;14;16;4;USSR
bf-109f-1;Bf 109 F-1;6;5;7;2;Germany
bf-109f-2;Bf 109 F-2;6;6;7;2;Germany
a6m3_mod22ko_zero;A6M3 mod. 22Ko;11;12;10;3;Japan
il_28;IL-28;21;21;21;5;USSR
il_28_killstreak;☢IL-28;21;24;21;5;USSR
il_28_china_killstreak;☢IL-28;21;24;21;5;China
il_28_german;✠IL-28;21;21;21;5;Germany
il_28sh;IL-28Sh;21;21;21;5;USSR
tu_14t;Tu-14T;21;21;21;5;USSR
fw-190a-8;Fw 190 A-8;13;12;13;4;Germany
fw-190a-8_france;NC.900;13;12;13;3;France
fw-190d-9;Fw 190 D-9;12;12;14;4;Germany
tempest_mk2;Tempest Mk II;16;15;16;4;Great Britain
mig_3_series_1_15_bk_pod;MiG-3-15 (BK);5;4;4;2;USSR
itp_m1;ITP (M-1);10;9;7;3;USSR
a-26c-45-dt;A-26C-45DT;13;13;14;4;USA
a6m5otsu;A6M5 otsu;12;13;12;3;Japan
a6m5hei;A6M5 Hei;12;12;12;3;Japan
a6m6c;A6M6c;12;12;12;3;Japan
ki_84_ko;Ki-84 ko;12;13;12;4;Japan
ki_84_ko_china;␗Ki-84 ko;12;13;12;4;China
ki_84_otsu;Ki-84 otsu;15;14;15;4;Japan
ki_84_hei;Ki-84 hei;20;16;16;4;Japan
fw-190d-9_ussr;★Fw 190 D-9;12;12;14;4;USSR
i_185_m82;I-185 (M-82);9;8;9;3;USSR
i_225;I-225;14;13;15;4;USSR
f9f-2;F9F-2;22;22;22;5;USA
la-9;La-9;15;15;15;4;USSR
la-11;La-11;13;13;15;4;USSR
la-11_china;␗La-11;13;13;15;4;China
p-400;P-400;5;3;4;2;USA
hs-129b-3;Hs 129 B-3;3;4;6;2;Germany
b7a2;B7A2;8;8;9;3;Japan
tempest_mkv_vikkers;Tempest Mk V (Vickers P);7;8;9;4;Great Britain
a7he1;A7He1;4;3;4;1;Japan
f-80a;F-80A-5;17;18;18;5;USA
f-89b;F-89B;18;19;19;5;USA
f-89d;F-89D;17;18;19;5;USA
f-82e;F-82E;12;13;12;4;USA
f-84b;F-84B-26;17;18;21;5;USA
f-84g_italy;⦿F-84G-21-RE;20;20;21;5;Italy
f-84g;F-84G-21-RE;20;20;21;5;USA
f-84f;F-84F;24;22;23;5;USA
f-84f_germany;✠F-84F;23;22;23;5;Germany
f-84f_italy;⦿F-84F;24;22;23;5;Italy
f-84f_france;⦿F-84F;24;22;23;5;France
f-84f_iaf;F-84F IAF;23;22;23;5;France
f-84f_israel_iaf;✡F-84F;23;22;23;5;Israel
f-86_canadair_german;CL-13A Mk 5;22;25;24;6;Germany
sagittario_2;Sagittario 2;23;24;21;6;Italy
ariete;Ariete;25;25;22;6;Italy
f-86_cl_13_mk4_italy;CL-13 Mk.4;21;23;24;5;Italy
f-86_cl_13b_mk6;CL-13B Mk.6;25;26;25;6;Germany
f-86f-30_japan;F-86F-30 ▅;21;23;23;5;Japan
f-86f-40_japan;F-86F-40 ▅;22;25;25;5;Japan
f-86f-40_japan_blue_impulse;F-86F-40 JASDF▅;22;25;25;5;Japan
t2;T-2;26;26;26;6;Japan
f1;F-1;28;28;28;6;Japan
i-16_type24;I-16 type 24;4;5;5;1;USSR
i-16_type27;I-16 type 27;7;6;5;2;USSR
la-15;La-15;21;21;21;5;USSR
la_174;La-174;21;21;21;5;USSR
su-9;Su-9;19;18;18;5;USSR
su-11;Su-11;19;18;18;5;USSR
maryland_mk1_france;Martin 167-A3;3;4;4;1;France
mb_5;MB.5;12;12;11;4;Great Britain
la_200_toriy;La-200;19;20;21;5;USSR
me-262c-1a;Me 262 C-1a;19;19;20;5;Germany
spitfire_f22;Spitfire F Mk 22;14;17;15;4;Great Britain
spitfire_f24;Spitfire F Mk 24;15;18;16;4;Great Britain
mig-15bis_nr23_german;✠MiG-15bis;23;23;23;5;Germany
mig-19s;✠MiG-19S;26;26;26;6;Germany
fw-190a-1;Fw 190 A-1;8;6;7;2;Germany
mosquito_fb_mk18;Mosquito FB Mk XVIII;6;6;7;3;Great Britain
hornet_mk1;Hornet Mk.I;13;15;14;4;Great Britain
hornet_mk3;Hornet Mk.III;13;15;14;4;Great Britain
avenger_mk1;⦿Avenger Mk II;2;2;3;2;Great Britain
f4u-1a_usmc;F4U-1A (USMC);6;6;8;2;USA
spitfire_ix_ussr;★Spitfire Mk IXc;13;14;12;4;USSR
mig_3_series_34;MiG-3-34;5;4;4;2;USSR
il-10_1946;IL-10 (1946);12;12;13;4;USSR
spitfire_mk14e;Spitfire F Mk XIVe;12;14;13;4;Great Britain
spitfire_mk14c;Spitfire F Mk XIVc;11;14;13;4;Great Britain
spitfire_mk18e;Spitfire F Mk XVIIIe;12;14;13;4;Great Britain
me-262a-1a_u4;Me 262 A-1/U4;14;17;17;5;Germany
me-262c-2b;Me 262 C-2b;21;21;21;5;Germany
pbj_1j;PBJ-1J;9;9;9;3;USA
pbj_1h;PBJ-1H;9;9;10;3;USA
i_185_m71_standard;I-185 (M-71);10;10;10;4;USSR
lagg-3-34;LaGG-3-34;6;4;4;2;USSR
su-6_m71;Su-6 (M-71F);11;11;13;4;USSR
su_6_single;Su-6;9;9;10;4;USSR
il-2m_mstitel;"IL-2M """"Avenger""""";7;7;7;3;USSR
hs-129b-2_romania;Hs 129 B-2 (Romania);7;5;5;3;Germany
hs-129b-2_romania_italy;Hs 129 B-2 (Romania);7;5;5;3;Italy
bf-109g-2_romania;Bf 109 G-2;13;10;9;3;Germany
bf-109g-2_hungary;⦿Bf 109 G-2;13;10;9;4;Italy
g_55_serie1;G.55 serie 1;13;12;11;3;Italy
g_55_serie1_ss0;G.55 sottoserie 0;11;10;10;3;Italy
mc-205_serie1;C. 205 serie 1;7;8;6;3;Italy
mc-205_serie3;C. 205 serie 3;12;11;9;3;Italy
mc-205_n2;C. 205N2;12;11;11;4;Italy
g_56;G.56;17;16;15;4;Italy
g_55s;G.55S;13;12;11;4;Italy
ki-27_otsu;Ki-27 otsu;1;3;1;1;Japan
ki-27_otsu_ep;Ki-27 otsu Tachiarai;1;2;1;1;Japan
fw-190a-4;Fw 190 A-4;10;10;9;3;Germany
go229_v3;Ho 229 V3;17;18;20;5;Germany
kitsuka;Kikka;17;18;17;5;Japan
r2y2_kai;R2Y2 Kai V3;19;20;20;5;Japan
r2y2_v1;R2Y2 Kai V1;20;20;18;5;Japan
r2y2_v2;R2Y2 Kai V2;19;20;19;5;Japan
yak-1_early;Yak-1;5;4;5;2;USSR
yak-9;Yak-9;7;6;6;2;USSR
ki_43_1;Ki-43-I;3;4;4;2;Japan
f7f1;F7F-1;17;17;17;4;USA
f7f3;F7F-3;17;17;17;4;USA
b-17e_japan;▅B-17E;11;11;14;4;Japan
canberra_bmk2;Canberra B Mk 2;23;22;20;5;Great Britain
j7w1;J7W1;14;15;14;4;Japan
b-57;B-57A;21;22;20;5;USA
f-105d;F-105D;29;27;26;6;USA
i-16_type5;I-16 type 5;2;1;1;1;USSR
yak-1b_luftwaffe;✠Yak-1B;7;6;7;2;Germany
tempest_mkv_luftwaffe;✠Tempest Mk V;15;14;16;4;Germany
pby-5a_raf;⦿Catalina Mk IIIa;2;2;3;1;Great Britain
fw-190a-8_usa;✪Fw 190 A-8;13;12;13;4;USA
p-47d_ussr;★P-47D-27;8;10;8;3;USSR
venom_fb4;Venom FB.4;23;23;24;5;Great Britain
lancaster_mk1;Lancaster B Mk I;12;13;14;4;Great Britain
ki_43_2_late;✪Ki-43-II;3;4;4;2;USA
ki_43_3_otsu;Ki-43-III otsu;10;9;11;3;Japan
j2m3;J2M3;14;13;12;4;Japan
i-16_type10;I-16 type 10;4;3;2;1;USSR
i-16_type10_china;␗I-16 type 10;4;3;2;1;China
lagg-3-4;LaGG-3-4;4;4;3;1;USSR
f2h-2;F2H-2;20;22;21;5;USA
f3d_1;F3D-1;20;18;18;5;USA
lagg-i-301;I-301;9;6;6;2;USSR
canberra_bimk6;Canberra B (I) Mk 6;24;22;21;5;Great Britain
canberra_bimk6_killstreak;☢Canberra B Mk 6;22;24;21;5;Great Britain
canberra_bimk6_france_killstreak;☢Canberra B Mk 6;22;24;21;5;France
canberra_bimk6_germany_killstreak;☢Canberra B Mk 6;22;24;21;5;Germany
canberra_bimk6_italy_killstreak;☢Canberra B Mk 6;22;24;21;5;Italy
canberra_bimk6_japan_killstreak;☢Canberra B Mk 6;22;24;21;5;Japan
canberra_bimk6_sweden_killstreak;☢Canberra B Mk 6;22;24;21;5;Sweden
canberra_bimk6_usa_killstreak;☢Canberra B Mk 6;22;24;21;5;USA
canberra_bimk6_iaf_killstreak;☢Canberra B Mk 6;22;24;21;5;Israel
b-29_killstreak;☢B-29A-BN;18;20;18;5;USA
b-29_france_killstreak;☢B-29A-BN;18;20;18;5;France
b-29_japan_killstreak;☢B-29A-BN;18;20;18;5;Japan
b-29_sweden_killstreak;☢B-29A-BN;18;20;18;5;Sweden
b-29_uk_killstreak;☢B-29A-BN;18;20;18;5;Great Britain
b-29_italy_killstreak;☢B-29A-BN;18;20;18;5;Italy
b-29_germany_killstreak;☢B-29A-BN;18;20;18;5;Germany
b-29_iaf_killstreak;☢B-29A-BN;18;20;18;5;Israel
b-29;B-29A-BN;18;19;18;4;USA
b-57b;B-57B;22;22;21;5;USA
j2m4_kai;J2M4 Kai;12;12;10;4;Japan
bf-109g-14;Bf 109 G-14;14;13;12;4;Germany
bf-109g-14as;⦿Bf 109 G-14/AS;14;13;12;4;Italy
fw_200c_1;Fw 200 C-1;4;4;6;2;Germany
bv-238;BV 238;8;8;9;2;Germany
bv-138c-1;BV 138 C-1;2;2;2;1;Germany
bv-155b-1;BV 155 B-1;9;8;9;3;Germany
il_2_1941;IL-2 (1941);5;4;4;2;USSR
attaker_fb1;Attacker FB 1;17;18;19;5;Great Britain
attaker_fb2;Attacker FB.2;17;18;19;5;Great Britain
sea_fury_fb11;Sea Fury FB 11;14;13;14;4;Great Britain
yak-9m;Golovachev's Yak-9M;8;7;8;3;USSR
douglas_ad_2;AD-2;13;14;14;4;USA
am_1_mauler;AM-1;14;14;14;4;USA
a2d;A2D-1;24;18;18;4;USA
firefly_mk1;Firefly F Mk I;8;8;9;3;Great Britain
j2m2;J2M2;11;10;8;2;Japan
seafire_mk3_france;⦿Seafire LF Mk.III;12;12;12;4;France
seafire_mk3;Seafire LF Mk.III;12;12;12;4;Great Britain
seafire_fr47;Seafire FR 47;14;13;15;4;Great Britain
seafire_mk17;Seafire F Mk XVII;13;13;14;4;Great Britain
firefly_mk5;Firefly FR Mk V;9;9;9;3;Great Britain
ki_21_1ko;Ki-21-Ia;3;2;2;1;Japan
ki_21_1hei;Ki-21-I hei;4;3;2;1;Japan
arado-234c-3;Ar 234 C-3;21;19;19;5;Germany
p-47n-15;P-47N-15;10;11;11;4;USA
p-47m-1-re;P-47M-1-RE;11;14;14;4;USA
p-47m-1-re_boxted;⋠P-47M-1-RE;11;14;14;4;USA
il_2_37_1943;IL-2-37;6;5;8;3;USSR
il_2m_1943;IL-2M (1943);7;7;8;3;USSR
il_2_m82;IL-2 M-82;5;5;5;2;USSR
p-51d-10;P-51D-10;9;10;12;4;USA
p-51_mk1a_usaaf;P-51;9;7;9;2;USA
hurricane_mk1b;Sea Hurricane Mk IB;3;3;3;2;Great Britain
hurricane_mk1c;Sea Hurricane Mk IC;7;6;7;2;Great Britain
gladiator_mk2_navy;Sea Gladiator Mk I;0;0;0;1;Great Britain
bf-109b_2;Bf 109 B-1;2;1;1;1;Germany
bf-109a_1;Flegel's Bf 109 A;1;1;1;1;Germany
il_2_1942_luftwaffe;✠IL-2 (1942);6;6;5;2;Germany
spitfire_fr_mk14e;Spitfire FR Mk XIVe;13;14;13;4;Great Britain
la-7_dolgushin;Dolgushin's La-7;10;11;12;4;USSR
spitfire_ix_plagis;Plagis' Spitfire LF Mk IXc;13;14;12;4;Great Britain
firebrand_tf4;Firebrand TF Mk IV;8;9;10;3;Great Britain
j2m5;J2M5;15;14;14;4;Japan
hurricane_mk4;Hurricane Mk IV;3;4;4;2;Great Britain
hurricanemkii_ussr;★Hurricane Mk IIB;6;6;6;2;USSR
p-51_a-36;A-36;5;6;5;2;USA
sb2c_1c;SB2C-1C;6;7;6;3;USA
yak-3_vk107;Yak-3 (VK-107);14;14;16;4;USSR
yak-3u;Yak-3U;14;14;15;4;USSR
yak-3t;Yak-3T;13;12;14;3;USSR
j2m5_30mm;J2M5;14;11;11;4;Japan
ki_87;Ki-87;15;14;15;4;Japan
ki_94_2;Ki-94-II;14;15;14;4;Japan
ki_44_1;Ki-44-I;5;4;4;2;Japan
ki_44_1_ep;Ki-44-I 34;5;4;4;2;Japan
do_17e_1;Do 17 E-1;0;0;1;1;Germany
yak-9b;Yak-9B;5;6;6;2;USSR
bf-109e-4;Bf 109 E-4;6;6;6;2;Germany
bf-109e-7;Bf 109 E-7/U2;6;6;6;2;Germany
pyorremyrsky;Pyörremyrsky;10;10;8;3;Sweden
morko_morane;Mörkö-Morane;3;3;2;2;Sweden
vl_myrsky_2_late;VL Myrsky II;5;4;4;2;Sweden
fokker_d21_mod20;Fokker D.XXI;3;3;2;2;Sweden
pe-8_m82;Pe-8;10;10;13;3;USSR
do_17z_2;Do 17 Z-2;2;2;2;1;Germany
do_17z_7;Do 17 Z-7;2;1;1;1;Germany
sb2c_4;SB2C-4;8;8;8;3;USA
scimitar_f1;Scimitar F Mk.1;22;23;23;6;Great Britain
hunter_f1;Hunter F.1;24;24;24;6;Great Britain
hunter_f6;Hunter F.6;27;28;26;6;Great Britain
hunter_f9_rhodesia;Hunter FGA.9;25;25;26;5;Great Britain
p-38e;P-38E;5;6;7;2;USA
p-38k;P-38K;12;13;13;4;USA
p-38l;P-38L-5-LO;10;11;10;4;USA
p-38l_1_china_rocaf;␗P-38L-1;10;11;10;4;China
p-38j;P-38J-15;9;10;9;4;USA
p-38j_marge;Bong's P-38J-15;9;10;9;4;USA
tbd-1_1938;TBD-1;0;0;2;1;USA
p-51a_tl;P-51A;6;6;6;2;USA
a7m1;A7M1 (NK9H);11;12;9;3;Japan
ki_109;Ki-109;2;3;4;2;Japan
d4y1;D4Y1;3;3;4;2;Japan
d4y2;D4Y2;4;4;5;2;Japan
d4y3;D4Y3 Ko;6;6;6;2;Japan
a7m2;A7M2;11;13;11;3;Japan
f3f-2;F3F-2;2;1;1;1;USA
f3f-2_galer;Galer's F3F-2;1;1;1;1;USA
ki_61_1a_tei;Ki-61-I tei;11;10;9;3;Japan
mig-17;MiG-17;24;24;24;5;USSR
mig-17_cuba;MiG-17AS;24;24;24;5;USSR
mig-17_f5;Shenyang F-5;25;25;25;5;China
mig-17p_lim_5p;Lim-5P;24;24;24;5;Germany
mig-19pt;MiG-19PT;26;26;26;6;USSR
swift_f1;Swift F.1;22;22;22;5;Great Britain
swift_f7;Swift F.7;23;23;23;5;Great Britain
harrier_gr1;Harrier GR.1;27;27;27;6;Great Britain
harrier_gr3;Harrier GR.3;26;26;26;6;Great Britain
harrier_gr7;Harrier GR.7;30;30;30;7;Great Britain
su-7b;Su-7B;26;25;26;6;USSR
su-7bkl;Su-7BKL;26;26;27;6;USSR
su-7bmk;Su-7BMK;26;25;26;6;USSR
su_22m3;Su-22M3;30;30;28;7;USSR
su_22um3k;✠Su-22UM3K;30;30;28;7;Germany
su_17m2;Su-17M2;30;30;28;7;USSR
su_17m4;Su-17M4;30;30;28;7;USSR
su_25k;Su-25K;26;26;26;6;USSR
su_25;Su-25;26;26;26;6;USSR
su-7bkl_killstreak;☢Su-7BKL;26;27;27;6;USSR
su-7bkl_china_killstreak;☢Su-7BKL;26;27;26;6;China
mig-21_f13;MiG-21F-13;23;25;26;6;USSR
mig-21_smt;MiG-21SMT;27;28;29;7;USSR
mig-21_bis;MiG-21bis;28;30;30;7;USSR
mig-21_bis_sau;✠MiG-21bis-SAU;30;31;30;7;Germany
mig_23m;MiG-23M;30;30;30;7;USSR
mig_23bn;✠MiG-23BN;26;26;26;6;Germany
mig_23mf_germany;✠MiG-23MF;30;30;30;7;Germany
mig_23mld;MiG-23MLD;31;31;30;7;USSR
mig_23mla;✠MiG-23MLA;31;31;30;7;Germany
mig_27m;MiG-27M;30;30;30;7;USSR
mig_27k;MiG-27K;31;30;30;7;USSR
mig-21_mf;✠MiG-21MF;27;28;29;7;Germany
mig-21_sps_k;✠MiG-21 SPS-K;25;27;27;6;Germany
mig-21_pfm;MiG-21PFM;23;25;27;6;USSR
mig-21_s;MiG-21S (R-13-300);24;26;27;6;USSR
j_7_mk2;J-7II;25;25;26;6;China
j_7e;J-7E;30;30;30;7;China
j_8b;J-8B;31;31;30;7;China
su-6_am42;Su-6 (AM-42);12;11;12;4;USSR
be_6;Be-6;12;12;13;4;USSR
stirling_mk1;Stirling B Mk I;9;9;12;3;Great Britain
stirling_mk3;Stirling B Mk III;11;11;13;3;Great Britain
lincoln_b2;Lincoln B Mk II;13;15;16;4;Great Britain
ki_44_2_otsu;Ki-44-II otsu;6;6;4;2;Japan
ki_44_2_hei;Ki-44-II hei;8;8;6;2;Japan
ki_44_2_hei_china;␗Ki-44-II hei;7;7;6;2;China
ju-88a-1;Ju 88 A-1;5;3;5;2;Germany
ki-83;Ki-83;15;15;15;4;Japan
j5n1;J5N1;13;14;13;4;Japan
p-61a_1;P-61A-1;8;8;8;3;USA
p-61c_1;P-61C-1;9;9;10;3;USA
xa_38;XA-38;7;8;11;4;USA
p-51h-5_na;P-51H-5-NA;15;16;17;4;USA
do_335a_0;Do 335 A-0;10;11;12;4;Germany
do_335a_1;Do 335 A-1;9;10;12;4;Germany
do_335b_2;Do 335 B-2;14;14;14;4;Germany
sea_venom_faw20;Sea Venom FAW 20;21;20;21;5;Great Britain
ta-152c;Ta 152 C-3;16;15;14;4;Germany
fw-189a-1;Fw 189 A-1;3;4;2;1;Germany
sunderland_mk3a;Sunderland Mk IIIa;3;2;2;1;Great Britain
sunderland_mk5;Sunderland Mk V;4;3;4;2;Great Britain
mbr-2;MBR-2-M-34;0;0;0;1;USSR
h8k2;H8K2;7;8;8;1;Japan
h8k3;H8K3;8;8;9;2;Japan
yak-30d;Yak-30D;24;23;21;5;USSR
yak-38;Yak-38;25;25;26;6;USSR
yak-38m;Yak-38M;26;26;26;6;USSR
yak-28b;Yak-28B;29;25;25;6;USSR
halifax_mk3;Halifax B Mk IIIa;9;9;10;2;Great Britain
hs-123a-1;Hs 123 A-1;0;0;1;1;Germany
hs-123a-1_china;␗Hs 123 A-1;0;0;1;1;China
v_11g;V-11;1;1;2;1;China
v_12d;V-12D;3;4;4;2;China
n1k1_ja;N1K1-Ja;13;13;12;4;Japan
b_18a;B-18A;1;1;2;1;USA
b_10b;B-10B;1;1;2;1;USA
martin_139wc;Martin 139WC;2;1;2;1;China
b_34;B-34;5;7;5;2;USA
pv_2d;PV-2D;10;8;7;2;USA
wyvern_s4;Wyvern S4;10;9;11;4;Great Britain
ki_61_2_early;Ki-61-II Otsu Kai;11;11;11;3;Japan
he_219a_7;He 219 A-7;11;10;10;4;Germany
ta_154a_1;Ta 154 A-1;10;10;9;3;Germany
tu_4;Tu-4;21;21;20;5;USSR
tu_4_china;␗Tu-4;21;21;20;5;China
tu_4_killstreak;☢Tu-4;20;20;20;5;USSR
tu_4_china_killstreak;☢Tu-4;20;20;20;5;China
he-162a-1;He 162 A-1;16;15;17;5;Germany
d_371;D.371;0;0;0;1;France
d_500;D.500;0;0;0;1;France
d_501;D.501;2;1;1;1;France
d_510;Pallier's D.510;2;1;1;1;France
douglas_ad_4_france;⦿AD-4;14;15;15;4;France
douglas_ad_4na_france;⦿AD-4NA;14;15;15;4;France
douglas_ad_4;AD-4;15;15;14;4;USA
f8f1b_france;⦿F8F-1B;16;16;17;4;France
d_373;D.373;0;0;0;1;France
p-63c-5_france;⦿P-63C-5;9;9;11;3;France
pb4y-2_france;⦿PB4Y-2;12;13;14;4;France
d_371_hs9;D.371 H.S.9;1;1;1;1;France
f_222_2;F.222.2;2;4;1;1;France
nc_223_3;N.C.223.3;5;5;4;2;France
md_452_mystere_2c_preproduction;M.D.452 IIC;23;22;23;5;France
md_452_mystere_2a;M.D.452 IIA;21;21;22;5;France
md_454_mystere_4a;Mystere IVA;24;23;23;6;France
etndard_4m;Etendard IVM;25;24;25;6;France
jaguar_e;Jaguar E;27;28;26;6;France
jaguar_a;Jaguar A;27;28;26;6;France
jaguar_a_killstreak;☢Jaguar A;26;27;26;6;France
jaguar_a_germany_killstreak;☢Jaguar A;26;27;26;6;Germany
jaguar_a_italy_killstreak;☢Jaguar A;26;27;26;6;Italy
jaguar_a_japan_killstreak;☢Jaguar A;26;27;26;6;Japan
jaguar_a_sweden_killstreak;☢Jaguar A;26;27;26;6;Sweden
jaguar_a_uk_killstreak;☢Jaguar A;26;27;26;6;Great Britain
jaguar_a_usa_killstreak;☢Jaguar A;26;27;26;6;USA
jaguar_a_iaf_killstreak;☢Jaguar A;26;27;26;6;Israel
mirage_milan;Milan;26;26;26;6;France
mirage_3c;Mirage IIIC;28;28;29;7;France
mirage_3cj;Mirage IIICJ;27;27;27;7;Israel
mirage_3e;Mirage IIIE;28;28;30;7;France
mirage_f1c;Mirage F1C;30;31;30;7;France
mirage_f1ct;Mirage F1CT;30;31;30;7;France
mirage_2000c_s5;Mirage 2000C-S5;31;31;31;7;France
mirage_5f;Mirage 5F;28;28;28;7;France
nesher;Nesher;28;28;28;7;Israel
kfir_c2;Kfir C.2;28;30;29;7;Israel
kfir_c7;Kfir C.7;30;31;30;7;Israel
md_460;Super Mystere B2;24;24;24;6;France
md_460_yt_cup_2019;␙Super Mystere B2;24;24;24;6;France
md_460_usa;Super Mystere B2;24;24;24;6;USA
ms_410c1;M.S.410;3;4;4;2;France
md_450b_barougan;M.D.450B Barougan;19;20;20;5;France
d_520_france;D.520;6;6;4;3;France
so_4050_vautour_2a;S.O.4050 Vautour IIA;26;24;24;5;France
so_4050_vautour_2n;S.O.4050 Vautour IIN;26;24;24;5;France
so_4050_vautour_2n_late;S.O.4050 Vautour IIN (late);23;23;23;5;France
so_4050_vautour_2a_israel_iaf;✡Vautour IIA;26;24;24;5;Israel
so_4050_vautour_2n_iaf;✡Vautour IIN;26;24;24;5;Israel
so_4050_vautour_2a_iaf;Vautour IIA IDF/AF;26;24;24;5;France
so_4050_vautour_2b;S.O.4050 Vautour IIB;26;24;24;5;France
md_450b_ouragan;M.D.450B Ouragan;19;20;20;5;France
md_450b_ouragan_iaf;✡M.D.450B Ouragan;19;20;20;5;Israel
potez_630;Potez 630;5;4;2;2;France
potez_631;Potez 631;5;4;3;2;France
potez_633;Potez 633;1;2;2;1;France
br_693_ab2;Br.693AB2;3;2;2;1;France
mb_152c1;M.B.152C1;6;4;4;2;France
mb_174_a3;M.B.174A-3;4;5;5;2;France
mb_162;M.B.162;9;11;9;3;France
leo_451_early;LeO 451 early;6;6;6;2;France
vb_10_02;VB.10-02;10;11;9;4;France
so_8000_narval;S.O.8000 Narval;14;14;14;4;France
vb_10c1;VB.10C-1;8;9;8;4;France
vg_33;V.G.33C-1;6;5;4;2;France
caudron_cr714;C.R.714;1;1;1;1;France
mb_157;M.B.157;7;7;7;3;France
a-35b;⦿A-35B;6;5;7;2;France
f6f-5_france;⦿F6F-5;6;7;8;3;France
f6f-5n_france;⦿F6F-5N;12;10;11;3;France
sb2c_5_france;⦿SB2C-5;8;8;9;3;France
p-40e_china;␗P-40E-1;4;5;4;2;China
cw_21;CW-21;3;5;4;1;China
p-66;P-66;5;4;4;2;China
d_510c;D.510C;2;1;1;1;China
i-153_m62_china;␗I-153 M-62;3;4;3;1;China
hawk_iii;Hawk III;0;0;1;1;China
tu-2_postwar_china;␗Tu-2S-44;15;14;15;4;China
p-51d-20_china;␗P-51D-20;9;10;12;4;China
b_25j_30_china;␗B-25J-30;9;10;10;3;China
mig-17_china;J-4;24;24;24;5;China
mig-19j_6a;J-6A;27;26;28;6;China
q_5_early;Q-5 early;27;24;26;6;China
a_5c;A-5C;27;27;27;6;China
saab_sk60b;SK60B;19;19;19;5;Sweden
saab_105g;SAAB-105G;23;22;22;5;Sweden
saab_105oe;SAAB-105OE;22;22;22;5;Sweden
q_5a;Q-5A;28;24;28;6;China
mig-15bis_nr23_china;J-2;23;23;23;5;China
mig-9_china;␗MiG-9;19;19;19;5;China
mig-9_late_china;␗MiG-9 (l);20;19;20;5;China
gladiator_mk1_china;␗Gladiator Mk I;0;0;0;1;China
i-15bis_china;␗I-15bis;0;0;0;1;China
i-16_type5_1935_china;␗I-16 type 5;2;1;1;1;China
la-9_china;␗La-9;15;15;16;4;China
il-10_1946_china;␗IL-10 (1946);12;12;13;4;China
il_28_china;H-5;21;21;21;5;China
p-51k;␗P-51K;11;12;13;4;China
f-84g_china;␗F-84G-21-RE;20;20;21;5;China
f-86f-30_china;␗F-86F-30;21;23;23;5;China
f-86f-40_china;␗F-86F-40;22;25;25;5;China
ki_61_1a_otsu_china;␗Ki-61-I otsu;8;8;7;2;China
a6m2_zero_china;␗A6M2;8;8;7;3;China
a6m5_zero_china;␗A6M5;11;12;11;3;China
ki-45_hei_tei_china;␗Ki-45 hei/tei;4;4;4;2;China
i-16_chung_28;␗I-16 Chung 28;1;1;1;1;China
p-47d_23_ra_china_rocaf;␗P-47D-23-RA;9;9;8;3;China
p-47d_30_china;␗P-47D-30;9;12;8;3;China
p-43a-1_china;␗P-43A-1;6;5;5;2;China
ki-27_otsu_china;␗Ki-27 otsu;1;3;1;1;China
ki_43_3_ko;␗Ki-43-III ko;3;5;5;2;China
sb_2m_103u_china;␗SB 2M-103U;5;4;4;2;China
spitfire_lf_mk9e_weisman;✡Spitfire LF Mk.IX Weizman's;13;14;12;4;Israel
a_4e_late_iaf;✡A-4E;24;23;25;6;Israel
a_4h;✡A-4H;21;22;23;6;Israel
a_4n;✡A-4N;25;25;25;6;Israel
spitfire_mk9c_iaf;✡Spitfire Mk IXc;10;10;11;4;Israel
spitfire_lf_mk9e_iaf;✡Spitfire Mk.IX (CW);13;14;12;4;Israel
p-51d-20-na_iaf;✡P-51D-20-NA;9;10;12;4;Israel
s_199;S-199;7;7;7;4;Israel
b-17g_iaf;✡B-17G;13;13;16;4;Israel
md_454_mystere_4a_iaf;✡Mystere IVA;24;23;23;6;Israel
md_460_sambad;Sambad;24;24;24;6;Israel
md_460_saar;Sa'ar;24;24;24;6;Israel
scout_ah_mk1;Scout AH.Mk.1;23;22;23;5;Great Britain
wasp_has_mk1;Wasp HAS.Mk.1;23;22;23;5;Great Britain
g_lynx;G-LYNX;26;27;27;6;Great Britain
lynx_ah_mk1;Lynx AH.Mk.1;26;27;27;6;Great Britain
tiger_uht;EC-665 Tiger UHT;28;31;29;7;Germany
tiger_hap_france;EC-665 Tiger HAP;27;27;28;6;France
tiger_had_france;EC-665 Tiger HAD;29;30;29;7;France
sa_342l_china;SA.342L Gazelle;23;23;23;5;China
z_11wa;Z-11WA;23;23;23;5;China
z_9w;Z-9W;25;25;25;6;China
z_9wa;Z-9WA;26;26;26;6;China
z_19;Z-19;28;28;28;6;China
z_19e;Z-19E;28;28;28;6;China
z_10;Z-10;29;30;29;7;China
ka_50;Ka-50;29;29;28;6;USSR
ka_52;Ka-52;30;31;29;7;USSR
ka_29;Ka-29;26;26;26;6;USSR
a_129_a;A-129 International (p);26;27;26;6;Italy
ab_205a_1;AB 205 A-1;20;20;21;5;Italy
a_109_eoa2;A.109EOA-2;23;24;25;6;Italy
a_129_cbt;A129CBT;26;27;26;7;Italy
t_129_atak;T129;26;27;26;6;Italy
mi_28a_sweden;Mi-28A;28;27;27;6;Sweden
mi_28n;Mi-28N;29;29;29;7;USSR
mi_28nm;Mi-28NM;30;31;30;7;USSR
mi_24v;Mi-24V;27;26;26;6;USSR
mi_24d;★Mi-24D;25;24;25;5;USSR
mi_4av;Mi-4AV;23;22;22;5;USSR
h_34;H-34;21;21;22;5;USA
h_34_france;⦿H-34;22;21;22;5;France
ah_1f;AH-1F;26;26;26;6;USA
ah_1s;AH-1S Kisarazu;26;26;26;6;Japan
ah_1s_early;AH-1S early;26;25;25;6;Japan
ah_1s_late;AH-1S;26;26;26;6;Japan
mi_24a;Mi-24A;25;23;24;5;USSR
mi_24p;Mi-24P;27;26;26;6;USSR
mi_35m;Mi-35M;29;28;28;6;USSR
ah_1g;AH-1G;23;21;21;5;USA
ah_1g_iaf;✡AH-1G;23;21;21;5;Israel
ah_1q_iaf;✡AH-1Q;24;24;24;6;Israel
ah_1f_iaf;✡AH-1F;26;26;26;6;Israel
ah_1z;AH-1Z;28;29;27;7;USA
md_500_tow_late;MD500-TOW;23;23;23;5;Israel
ahs;AHS;28;29;28;6;Sweden
hkp2;HKP2;23;22;23;5;Sweden
hkp3c;HKP3C;20;20;20;5;Sweden
hkp9a_cb2;HKP9A;26;25;26;6;Sweden
hkp9a_cb3_fc;HKP9A (FC);26;26;27;6;Sweden
ah_64a;AH-64A;28;29;28;6;USA
yah_64;YAH-64;28;28;28;6;USA
ah_64a_peten;✪AH-64A Peten;28;29;28;6;USA
ah_64a_peten_iaf;AH-64A Peten (USA);28;29;28;6;Israel
ah_64d;AH-64D;29;30;29;7;USA
ah_64a_iaf;✡AH-64A;28;29;28;6;Israel
ah_64d_i_saraph;✡AH-64D-I;29;30;29;7;Israel
ah_64d_japan;AH-64DJP;29;28;28;7;Japan
ah_2_rooivalk;Rooivalk Mk1F CSH;29;29;29;6;Great Britain
ah_mk1;AH Mk.1 Apache;29;30;29;7;Great Britain
uh_1b;UH-1B;24;23;23;5;USA
uh_1b_japan;▅UH-1B;22;20;21;5;Japan
uh_1c;UH-1C;24;23;23;5;USA
uh_1c_xm_30;UH-1C XM-30;24;23;23;5;USA
uh_1d;✠UH-1D;24;23;23;5;Germany
sa_313b;✠SA 313B Alouette II;23;22;23;5;Germany
sa_313b_france;SA 313B Alouette II;23;22;23;5;France
bo_105pah1;BO 105 PAH-1;26;25;26;6;Germany
bo_105pah1_a1;BO 105 PAH-1A1;26;25;26;6;Germany
bo_105cb2;BO 105 CB-2;26;25;26;5;Germany
mi_24p_german_hfs80;✠Mi-24P HFS 80;27;26;26;6;Germany
mi_24p_german;✠Mi-24P;27;26;26;6;Germany
sa_316b;SA 316B Alouette III;23;22;24;5;France
iar_316b;IAR 316B;23;22;25;5;France
sa_342m;SA.342M Gazelle;25;25;26;6;France
sa_341f;SA.341F Gazelle;24;24;26;6;France
ussr_t_80u_yt_cup_2019;T-80U YT cup;29;29;29;7;USSR
uk_challenger_II_yt_cup_2019;␙Challenger 2;28;28;28;7;Great Britain
us_m1a1_abrams_yt_cup_2019;M1A1 YT cup;28;28;28;7;USA
germ_leopard_2a5_yt_cup_2019;Leopard 2A5 YT cup;30;30;30;7;Germany
ussr_t_80;T-80;3;4;4;2;USSR
ussr_t_70_1942;T-70;3;3;3;1;USSR
ussr_t_60_1941;T-60;0;0;0;1;USSR
ussr_type_62;★Type 62;17;17;17;4;USSR
ussr_t_34_85_zis_53;T-34-85;14;14;14;4;USSR
ussr_t_34_85_d_5t;T-34-85 (D-5T);12;12;12;3;USSR
ussr_t_34_1941_l_11;T-34 (1940);7;7;5;2;USSR
ussr_t_34_1940_l_11;T-34 (Prototype);7;7;5;2;USSR
ussr_t_34_1941_57;T-34-57;10;11;11;3;USSR
ussr_t_34_57_1943;T-34-57 (1943);11;11;11;3;USSR
ussr_t_34_1941;T-34 (1941);8;8;8;2;USSR
ussr_t_34_1941_cast_turret;T-34 (1st Gv.T.Br.);8;8;8;2;USSR
ussr_t_34_1942;T-34 (1942);8;8;8;2;USSR
ussr_t_34E;T-34E;9;9;8;2;USSR
ussr_t_35;T-35;1;1;1;1;USSR
ussr_t_28;T-28;2;2;2;2;USSR
ussr_t_28_1938;T-28 (1938);1;1;1;1;USSR
ussr_t_26_1940;T-26;0;0;0;1;USSR
ussr_t_26_1940_1st_GvTBr;T-26 (1st Gv.T.Br.);0;0;0;1;USSR
ussr_t_26E;T-26E;1;1;1;1;USSR
ussr_su_85a;SU-85A;9;9;9;2;USSR
ussr_su_85m;SU-85M;12;12;12;3;USSR
ussr_su_85_1943;SU-85;10;10;10;3;USSR
ussr_asu_57;ASU-57;8;10;10;3;USSR
ussr_su_57b;SU-57B;5;5;5;2;USSR
ussr_asu_85;ASU-85;16;16;16;4;USSR
ussr_bmp_1;BMP-1;19;19;19;5;USSR
ussr_bmp_2m;BMP-2M;25;25;25;6;USSR
ussr_bmp_2;BMP-2;22;22;22;6;USSR
ussr_bmp_3;BMP-3;22;23;23;6;USSR
ussr_bmd_4;BMD-4;22;23;23;6;USSR
ussr_2s25;2S25;25;25;25;7;USSR
ussr_2s25m;2S25M;27;27;27;7;USSR
ussr_su_100p;SU-100P;16;16;16;4;USSR
ussr_su_100_1945;SU-100;15;15;15;4;USSR
ussr_2s3m;2S3M;16;16;16;4;USSR
ussr_su_122P;SU-122P;14;14;14;4;USSR
ussr_kv_2_1939;KV-2 (1939);8;8;8;2;USSR
ussr_kv_2_1940;KV-2 (1940);8;8;8;3;USSR
germ_kv_2_754r;✠KW II 754 (r);8;8;8;3;Germany
ussr_kv_2_zis_6;KV-2 (ZiS-6);12;12;12;3;USSR
ussr_kv_1_zis_5;KV-1 (ZiS-5);11;10;10;3;USSR
ussr_kv_220;KV-220;14;14;14;3;USSR
ussr_kv_1_L_11;KV-1 (L-11);8;8;8;2;USSR
ussr_kv_1s;KV-1S;9;9;9;2;USSR
ussr_kv_1e;KV-1E;10;9;10;3;USSR
ussr_kv_85;KV-85;12;11;12;3;USSR
ussr_is_3;IS-3;18;18;18;5;USSR
ussr_is_4m;IS-4M;20;20;20;5;USSR
ussr_is_2_1943;IS-2;15;14;14;4;USSR
ussr_is_2_1944;IS-2 (1944);17;16;16;4;USSR
ussr_is_6;IS-6;19;18;18;4;USSR
ussr_is_7;IS-7;22;22;22;5;USSR
ussr_is_1;IS-1;13;13;13;3;USSR
ussr_object_120;Object 120;19;19;19;5;USSR
ussr_object_268;Object 268;19;17;17;5;USSR
ussr_su_152;SU-152;10;10;10;3;USSR
ussr_su_122;SU-122;4;4;4;2;USSR
ussr_isu_152;ISU-152;11;11;11;3;USSR
ussr_isu_122;ISU-122;13;13;13;3;USSR
ussr_isu_122s;ISU-122S;14;14;14;4;USSR
ussr_bt_7_m;BT-7M;3;3;3;1;USSR
ussr_bt_7_1937;BT-7;1;1;1;1;USSR
ussr_bt_7_1937_td;BT-7 TD;1;1;1;1;USSR
ussr_bt_7a_f32;BT-7A (F-32);8;8;8;2;USSR
ussr_t_54_1951;T-54 (1951);20;20;20;5;USSR
ussr_t_55a;T-55A;21;21;21;6;USSR
ussr_t_55_am;T-55AM-1;22;22;22;6;USSR
ussr_t_55_amd_1;T-55AMD-1;22;23;23;6;USSR
ussr_t_64a_1971;T-64A (1971);24;24;24;6;USSR
ussr_t_72av_turms;T-72AV (TURMS-T);26;26;26;6;USSR
ussr_t_72m2_moderna;T-72M2 Moderna;27;27;27;6;USSR
ussr_t_72b;T-72B;26;26;26;6;USSR
ussr_t_72b_1989;T-72B (1989);27;27;27;6;USSR
ussr_t_72b3_2011;T-72B3;29;29;29;7;USSR
ussr_t_72b3_2017_race;T-72B3 race;27;27;27;7;USSR
ussr_t_64_b_1984;T-64B;26;25;25;6;USSR
ussr_t_72a;T-72A;25;25;25;6;USSR
ussr_t_80b;T-80B;27;27;27;6;USSR
ussr_t_80u;T-80U;29;29;29;7;USSR
ussr_t_80uk;T-80UK;29;29;29;7;USSR
ussr_t_80bvm;T-80BVM;30;30;30;7;USSR
ussr_t_90a;Т-90А;29;29;29;7;USSR
ussr_t_80u_race;T-80U race;29;29;29;7;USSR
ussr_t_62;T-62;22;22;22;6;USSR
ussr_t_62m1;T-62M-1;23;23;23;6;USSR
ussr_it_1;IT-1;23;22;22;6;USSR
ussr_t_54_1949;T-54 (1949);19;19;19;5;USSR
ussr_t_44;T-44;17;17;17;4;USSR
ussr_su_5_1;SU-5-1;0;0;0;1;USSR
ussr_zsu_29k;YaG-10 (29-K);7;7;7;2;USSR
ussr_zis_30;ZiS-30;4;4;4;2;USSR
ussr_su_76d;SU-76D;4;4;4;2;USSR
ussr_su_76m_1943;SU-76M;3;3;3;1;USSR
ussr_t_50;T-50;5;5;5;2;USSR
ussr_gaz_mm_72k;GAZ-MM (72-K);4;4;4;2;USSR
us_m4a2_1944_germ;✠M4 748 (a);9;9;9;3;Germany
germ_stug_III_ausf_A;StuG III A;4;4;4;1;Germany
germ_stug_III_ausf_F;StuG III F;7;7;7;2;Germany
germ_pzkpfw_VI_ausf_h1_tiger_animal_version;␠Tiger;13;13;13;3;Germany
germ_pzkpfw_VI_ausf_h1_tiger;Tiger H1;13;13;13;3;Germany
germ_pzkpfw_VI_ausf_e_tiger;Tiger E;14;14;14;3;Germany
germ_pzkpfw_VI_ausf_b_tiger_IIp;Tiger II (P);17;16;17;4;Germany
germ_pzkpfw_VI_ausf_b_tiger_IIh;Tiger II (H);18;17;17;4;Germany
germ_pzkpfw_VI_ausf_b_tiger_IIh_sla;Tiger II (H) Sla.16;18;17;17;4;Germany
germ_pzkpfw_VI_ausf_b_tiger_IIh_kwk46;Tiger II (10.5 cm Kw.K);18;17;17;5;Germany
germ_vk_3002m;VK 3002 (M);12;12;12;3;Germany
germ_pzkpfw_V_ausf_d_panther;Panther D;14;13;13;3;Germany
germ_pzkpfw_V_ausf_a_panther;Panther A;15;14;14;4;Germany
germ_pzkpfw_V_ersatz_m10;Ersatz M10;14;14;14;3;Germany
germ_pzkpfw_V_ausf_g_panther;Panther G;15;14;14;4;Germany
germ_pzkpfw_V_ausf_f_panther;Panther F;15;15;15;4;Germany
germ_panther_II;Panther II;18;17;17;4;Germany
germ_pzkpfw_IV_ausf_G;Pz.IV G;8;7;7;2;Germany
germ_pzkpfw_IV_ausf_H;Pz.IV H;9;8;8;2;Germany
germ_pzkpfw_38t_ausf_A;Pz.38(t) A;1;1;1;1;Germany
germ_pzkpfw_38t_ausf_F;Pz.38(t) F;3;4;4;1;Germany
germ_jgdpz_38t;Jagdpanzer 38(t);11;10;10;3;Germany
germ_pzkpfw_IV_ausf_F2;Pz.IV F2;7;7;7;2;Germany
germ_pzkpfw_IV_ausf_F;Pz.IV F1;4;3;3;2;Germany
germ_pzkpfw_IV_ausf_C;Pz.IV C;1;1;1;1;Germany
germ_pzkpfw_IV_ausf_E;Pz.IV E;4;3;3;1;Germany
germ_pzkpfw_III_ausf_M;Pz.III M;7;6;6;2;Germany
germ_pzkpfw_III_ausf_N;Pz.III N;6;6;6;2;Germany
germ_pzkpfw_III_ausf_L;Pz.III L;6;6;6;2;Germany
germ_pzkpfw_III_ausf_E;Pz.III E;0;0;0;1;Germany
germ_pzkpfw_III_ausf_B;Pz.III B;0;0;0;1;Germany
germ_pzkpfw_III_ausf_F;Pz.III F;1;1;1;1;Germany
germ_pzkpfw_III_ausf_J;Pz.III J1;5;5;5;2;Germany
germ_pzkpfw_III_ausf_J_td;Pz.III J1 TD;5;5;5;2;Germany
germ_pzkpfw_III_ausf_J_L42;Pz.III J;4;4;4;1;Germany
germ_pzkpfw_II_ausf_C_td;Pz.II C TD;2;1;1;1;Germany
germ_pzkpfw_II_ausf_C_DAK;Pz.II C (DAK);2;1;1;1;Germany
germ_pzkpfw_II_ausf_C;Pz.II C;2;1;1;1;Germany
germ_pzkpfw_II_ausf_F;Pz.II F;3;2;2;1;Germany
germ_pzkpfw_II_ausf_H;Pz.Sfl.Ic;4;4;4;2;Germany
germ_panzerjager_tiger_P_elefant;Elefant;18;17;17;4;Germany
germ_panzerjager_tiger_P_ferdinand;Ferdinand;18;17;17;4;Germany
germ_panzerjager_nashorn;Nashorn;13;13;13;3;Germany
germ_waffentrager_krupp_steyr;Waffenträger;14;14;14;4;Germany
germ_vsw_flak_41;VFW;14;14;14;3;Germany
germ_pzsfl_IVa_dickermax;Dicker Max;9;8;8;2;Germany
germ_pzsflk40_sturer_emil;Sturer Emil;10;10;10;3;Germany
germ_jgdpz_IV_L48;Jagdpanzer IV;11;10;10;3;Germany
germ_pz_IV_L70;Panzer IV/70(V);13;13;13;3;Germany
germ_pz_IV_L70_A;Panzer IV/70(A);10;10;10;3;Germany
germ_kv_1B_finland;✠KV-IB;10;9;10;3;Germany
germ_sturmpanzer_IV_brummbar;Brummbär;11;10;10;3;Germany
germ_sturmpanzer_II;15cm sIG 33 B Sfl;0;0;0;1;Germany
germ_kv_1_kwk_40;✠KW I C 756 (r);12;12;12;3;Germany
germ_panzerjager_tiger;Jagdtiger;19;17;17;5;Germany
germ_marder_df_105;DF105;19;20;20;5;Germany
germ_sk105_a2;JaPz.K A2;22;22;22;6;Germany
germ_wiesel_1_tow;Wiesel 1A2;24;26;26;6;Germany
germ_pzkpfw_38t_Aufklarungspanzer;Sd.Kfz. 140/1;1;1;1;1;Germany
germ_panzerjager_panther;Jagdpanther;16;15;15;4;Germany
germ_panzerbefelhswagen_jagdpanther;Bfw. Jagdpanther;16;15;15;4;Germany
germ_flakpanzer_I_ausf_A;Flakpanzer I;1;1;1;1;Germany
germ_sdkfz_251_21;Sd.Kfz.251/21;7;7;7;2;Germany
germ_sdkfz_6_2_flak36;Sd.Kfz. 6/2;4;2;2;2;Germany
germ_sdkfz_251_10;Sd.Kfz.251/10;0;0;0;1;Germany
germ_sdkfz_251_22;Sd.Kfz.251/22;6;6;6;2;Germany
germ_sdkfz_234_1;Sd.Kfz.234/1;2;2;2;1;Germany
germ_sdkfz_234_2_td;Sd.Kfz.234/2 TD;5;5;5;2;Germany
germ_sdkfz_234_2;Sd.Kfz.234/2;5;5;5;2;Germany
germ_sdkfz_9_flak37;8,8 cm Flak 37 Sfl.;11;9;8;3;Germany
germ_pzkpfw_IV_ausf_J;Pz.IV J;9;8;8;2;Germany
germ_pzkpfw_38t_Marder_III;Marder III;4;4;4;2;Germany
germ_sdkfz_234_3;Sd.Kfz.234/3;3;3;3;1;Germany
germ_sdkfz_234_4;Sd.Kfz.234/4;10;11;11;3;Germany
germ_sdkfz_221_s_pz_b_41;Sd.Kfz.221 (s.Pz.B.41);0;0;0;1;Germany
germ_panzerjager_1;Panzerjäger I;1;1;1;1;Germany
germ_flakpanzer_IV_Ostwind;Ostwind;11;8;8;3;Germany
germ_flakpanzer_IV_Ostwind_2;SPAA;14;12;12;4;Germany
germ_flakpanzer_IV_Kugelblitz;Kugelblitz;19;17;17;5;Germany
germ_flakpanzer_IV_Wirbelwind;Wirbelwind;9;8;8;3;Germany
germ_flakpanzer_V_Coelian;Flakpanzer 341;17;16;16;4;Germany
germ_wiesel_1_mk20;Wiesel 1A4;18;18;18;5;Germany
germ_flakpz_I_Gepard;Gepard;21;21;21;6;Germany
germ_wiesel_2_adwc;Ozelot;25;25;25;6;Germany
germ_flarakpz_1;FlaRakPz 1;27;27;27;7;Germany
germ_flarakrad;FlaRakRad;29;30;30;7;Germany
ussr_pzkpfw_III_ausf_J_L42;★T-III;4;4;4;1;USSR
us_xm_975_roland;XM975;27;27;27;7;USA
us_adats_bradley;ADATS;30;30;30;7;USA
ussr_9p149;Shturm-S;22;22;22;6;USSR
ussr_9p157;Khrizantema-S;25;25;25;7;USSR
uk_stormer_hvm;Stormer HVM;28;28;28;7;Great Britain
uk_adats_m113a3;ADATS (M113);30;30;30;7;Great Britain
fr_amx_30_roland;Roland 1;27;27;27;7;France
fr_crotale_ng;⦿ItO 90M;30;30;30;7;France
fr_leclerc_s1;Leclerc;30;30;30;7;France
fr_leclerc_s2;Leclerc S2;30;30;30;7;France
fr_leclerc_sxxi;Leclerc SXXI;30;30;30;7;France
fr_vcac_mephisto;MEPHISTO;22;22;22;6;France
fr_amx_10rc;AMX-10RC;21;21;21;6;France
it_as_42_metropolitana;AS 42;1;1;1;1;Italy
it_m15_42_contraereo;M42 Contraereo;7;7;7;2;Italy
it_toldi_II_a;Toldi IIA;1;1;1;1;Italy
it_sahariano;Celere Sahariano;5;5;5;2;Italy
it_oto_r3_t20_fa;R3 T20 FA-HS;11;12;12;3;Italy
it_m26a1_pershing;M26A1;17;16;16;4;Italy
it_m60a1_ariete;"M60A1 """"D.C.Ariete""""";20;20;20;5;Italy
it_c1_ariete_preserie;Ariete (P);27;27;27;6;Italy
it_c1_ariete;Ariete;30;29;29;7;Italy
it_c1_ariete_pso;Ariete PSO;29;29;29;7;Italy
it_m47_105;M47 (105/55);20;19;19;5;Italy
it_of_40_mk_1;OF-40;20;20;20;5;Italy
it_of_40_mk_2a;OF-40 Mk.2A;23;23;23;6;Italy
it_of_40_mtca;OF-40 (MTCA);23;23;23;6;Italy
it_otobreda_sidam_25;SIDAM 25;22;22;22;5;Italy
it_otobreda_sidam_25_mistral;SIDAM 25 (Mistral);27;27;27;7;Italy
it_otomatic;OTOMATIC;29;29;29;7;Italy
it_l6;L6/40;0;0;0;1;Italy
it_l6_leone;L6/40 (31 Rgt.);0;0;0;1;Italy
it_ab_41;AB 41;0;0;0;1;Italy
it_ab_43;AB 43;4;5;5;2;Italy
it_l3_cc;L3/33 CC;0;0;0;1;Italy
it_lancia3ro_100;Lancia 3Ro (100/17);3;2;2;1;Italy
it_semovente_l40;47/32 L40;1;1;1;1;Italy
it_semovente_m41m_90;90/53 M41M;8;8;8;3;Italy
it_stug_III_ausf_G;⦿StuG III G;10;9;9;3;Italy
it_semovente_m43_105;105/25 M43;6;6;6;2;Italy
it_semovente_m43_105_leoncello;"M43 """"G.C.Leoncello""""";6;6;6;3;Italy
it_44m_zrinyi_1;Zrinyi I;9;9;9;3;Italy
it_semovente_m42_75_34;75/34 M42;4;4;4;2;Italy
it_semovente_m41_75_18;75/18 M41;3;3;3;2;Italy
it_semovente_m41_75_32;75/32 M41;4;4;4;2;Italy
it_semovente_m43_75_34;75/34 M43;7;7;7;2;Italy
it_semovente_m43_75_46;75/46 M43;11;11;11;3;Italy
it_m36b1;M36B1;14;14;14;4;Italy
it_m18_hellcat;⦿M18;11;14;11;3;Italy
it_semovente_breda_501;Breda 501;9;9;9;3;Italy
it_oto_r3_106sr;R3 T106 FA;18;20;20;5;Italy
it_fiat_6614_106sr;FIAT 6614;16;16;16;4;Italy
jp_type_75;Type 75 SPH;16;16;16;4;Japan
jp_type_89;Type 89;22;22;22;6;Japan
it_vrcc_centauro;VRCC;24;24;24;6;Italy
it_centauro_mgs_120;Centauro I 120;29;29;29;7;Italy
it_b1_centauro;Centauro I 105;23;23;23;6;Italy
it_m113a1_tow;M113A1 (TOW);21;21;21;5;Italy
it_b1_centauro_romor;Centauro I 105 R;24;24;24;6;Italy
it_fiat_6616_cockerill;AUBL/74;15;16;16;4;Italy
it_c13_t90;C13 T90;17;17;17;5;Italy
it_aubl_74_60_70m;AUBL/74 HVG;20;20;20;5;Italy
it_vbc_pt2;VBC (PT2);23;23;23;6;Italy
it_dardo_vcc;Dardo;25;25;25;6;Italy
it_vcc_80_hitfist_60;VCC-80/60;24;24;24;6;Italy
it_vcc_80_hitfist_30;VCC-80/30;26;26;26;7;Italy
it_m11_39;M11/39;0;0;0;1;Italy
it_m13_40_serie_1;M13/40 (I);2;2;2;1;Italy
it_m13_40_serie_2;M13/40 (II);3;3;3;1;Italy
it_m13_40_serie_3;M13/40 (III);3;3;3;1;Italy
it_m14_41;M14/41;4;3;3;1;Italy
it_m14_41_47_40;M14/41 (47/40);4;4;4;2;Italy
it_m15_42;M15/42;5;5;5;2;Italy
it_m24_chaffee;⦿M24;7;8;8;2;Italy
it_m3a3_stuart;⦿M3A3;4;5;5;2;Italy
it_m4a4_sherman;⦿M4A4;8;8;8;3;Italy
it_sherman_vc_firefly;⦿Sherman Vc;12;12;12;3;Italy
it_sherman_75_37;⦿M4 Hybrid;8;8;8;2;Italy
it_sherman_VII;M4 Tipo IC;11;11;11;3;Italy
ussr_btr_152a;BTR-152A;6;5;5;2;USSR
ussr_zsu_57_2;ZSU-57-2;18;18;18;5;USSR
ussr_type_65_aa;★Phòng không T-34;14;12;12;3;USSR
ussr_zsu_37_2;SPAA;21;20;20;6;USSR
ussr_zsu_23_4;ZSU-23-4;21;21;21;6;USSR
ussr_zprk_2s6;2S6;29;29;29;7;USSR
ussr_zis_43;ZiS-43;9;5;5;3;USSR
germ_stug_III_ausf_G;StuG III G;10;9;9;2;Germany
germ_panzerbefelhswagen_IV_ausf_J;Pz.Bef.Wg.IV J;9;8;8;3;Germany
germ_t_34_747;✠T 34 747 (r);9;9;9;2;Germany
ussr_t_54_1947;T-54 (1947);20;20;20;5;USSR
ussr_zut_37;ZUT-37;4;4;4;2;USSR
ussr_btr_zd;BTR-ZD;10;13;13;4;USSR
ussr_zsu_37;ZSU-37;9;8;8;3;USSR
ussr_bt_5;BT-5;0;0;0;1;USSR
ussr_smk;SMK;8;8;8;2;USSR
ussr_t_126sp;T-126;6;6;6;2;USSR
ussr_m3c;★M3 Medium;4;5;5;1;USSR
us_m2_medium;M2;1;1;1;1;USA
us_m22_locust;M22;2;3;3;1;USA
us_m24_chaffee;M24;7;8;8;2;USA
us_m24_chaffee_tl;M24 (TL);7;8;8;2;USA
us_ags_teledyne;AGS;26;26;26;6;USA
us_xm_8;XM8;25;25;25;6;USA
us_ccvl;CCVL;27;27;27;6;USA
us_hstv_l;HSTV-L;28;29;29;7;USA
us_m41_walker_bulldog;M41A1;15;15;15;4;USA
us_m50_ontos;M50;17;17;17;5;USA
us_t114;T114;18;19;19;5;USA
us_m551;M551;20;21;21;6;USA
us_m6a1;M6A1;11;12;12;3;USA
us_m6a2e1;M6A2E1;17;17;17;4;USA
us_m103;M103;20;20;20;5;USA
us_m3_lee;M3 Lee;4;5;5;2;USA
us_m4a1_1942_sherman;M4A1;7;7;7;2;USA
uk_sherman_II;Sherman II;8;8;8;2;Great Britain
us_m4a1_76w_sherman;M4A1 (76) W;12;11;11;3;USA
us_t55e1;T55E1;10;10;10;3;USA
us_t20;T20;15;15;15;3;USA
us_m4a2_76w_sherman;M4A2 (76) W;13;13;13;3;USA
ussr_m4a2_76w_sherman;★M4A2;13;13;13;3;USSR
us_m4a2_sherman;M4A2;9;9;9;3;USA
us_m4_sherman;M4;8;8;8;2;USA
us_m4a3e8_76w_sherman;M4A3 (76) W;13;14;14;4;USA
us_m4a3e2_76w_sherman_jumbo;M4A3E2 (76) W;16;16;16;4;USA
us_t14;T14;11;11;11;3;USA
us_m4a3e2_sherman_jumbo;M4A3E2;13;13;13;3;USA
us_halftrack_m16;M16 MGMC;5;5;5;2;USA
us_halftrack_m13;M13 MGMC;1;2;2;1;USA
us_halftrack_m15;M15 CGMC;3;2;2;2;USA
us_t29;T29;18;18;17;4;USA
us_t32;T32;19;19;19;5;USA
us_t32e1;T32E1;20;20;20;5;USA
us_t30;T30;17;17;17;4;USA
us_t34;T34;18;17;17;4;USA
us_m4a3_105_sherman;M4A3 (105);6;5;6;2;USA
us_m26_pershing;M26;17;16;16;4;USA
us_t26e5;T26E5;17;17;17;4;USA
us_t26e4_superpershing;T26E1-1;17;17;17;4;USA
us_m26e1_pershing;M26E1;17;17;16;4;USA
us_m46_patton;M46;18;18;17;5;USA
us_m47_patton_II;M47;19;19;19;5;USA
us_m48a1_patton_III;M48A1;19;19;19;5;USA
us_m2a4;M2A4;0;0;0;1;USA
us_m8_greyhound;M8 LAC;0;0;0;1;USA
us_m5a1_stuart;M5A1;4;5;5;2;USA
us_m5a1_stuart_td;M5A1 TD;4;5;5;2;USA
uk_m3_stuart;Stuart I;1;2;2;1;Great Britain
us_m3_stuart;M3 Stuart;1;2;2;1;USA
us_m19;M19A1;12;9;9;3;USA
us_m42_duster;M42;14;11;11;4;USA
us_m163_vulcan;M163;21;21;21;5;USA
us_lav_ad;LAV-AD;27;27;27;6;USA
us_m247;M247;24;24;24;6;USA
us_m2a4_1st_armor_div;M2A4 (1st Arm.Div.);0;0;0;1;USA
us_m3a1_stuart_usmc;M3A1 (USMC);3;4;4;1;USA
uk_m3a1_stuart;Stuart III;3;4;4;1;Great Britain
us_m3a1_stuart;M3A1 Stuart;3;4;4;1;USA
us_mk1_grant;✪Grant I;4;5;5;2;USA
us_m4a5_ram_2;M4A5;8;8;8;2;USA
us_m4a3e2_sherman_jumbo_cobra_king;Cobra King;13;13;13;3;USA
us_m46_patton_73_armor_bat;"M46 """"Tiger""""";18;18;17;4;USA
us_m8a1;M8A1 GMC;5;5;5;1;USA
ussr_t_28E;T-28E;4;4;4;2;USSR
us_m4_sherman_calliope;Calliope;10;9;9;3;USA
germ_pzkpfw_VI_tiger_P;VK 45.01 (P);13;13;13;3;Germany
germ_panzerbefelhswagen_VI_P;Pz.Bef.Wg.VI P;14;14;14;4;Germany
germ_pzkpfw_Maus;Maus;21;20;20;5;Germany
germ_pzkpfw_38t_Marder_III_ausf_H;Marder III H;6;6;6;2;Germany
germ_flakpanzer_38t_Gepard;Flakpanzer 38;3;1;1;1;Germany
germ_stuh_III_ausf_G;StuH 42 G;6;6;6;2;Germany
us_halftrack_m3_75mm_gmc;M3 GMC;2;2;2;1;USA
us_m18_hellcat;M18 GMC;11;14;11;3;USA
us_m18_hellcat_black_cat;"M18 """"Black Cat""""";11;14;11;3;USA
us_m18_hellcat_black_cat_race;"""""Racing"""" M18";11;12;11;3;USA
us_m10;M10 GMC;8;7;7;2;USA
us_lvt_4_zis_2;✪LVT(A)(4) (ZIS-2);4;4;4;2;USA
us_m2a2;M2A2;0;0;0;1;USA
us_lvt_a_4;LVT(A)(4);1;1;1;1;USA
us_lvt_a_1;LVT(A)(1);0;0;0;1;USA
us_t95;T95;18;18;18;5;USA
us_t28;T28;17;16;17;4;USA
ussr_su_57;SU-57;4;4;4;1;USSR
ussr_gaz_4m;GAZ-AAA (4M);0;0;0;1;USSR
ussr_gaz_dshk;GAZ-AAA (DShK);0;0;0;1;USSR
ussr_su_122_54;SU-122-54;17;17;17;5;USSR
ussr_t_34_85E;T-34-85E;14;14;14;4;USSR
ussr_t_34E_STZ;T-34E STZ;9;9;8;2;USSR
ussr_zis_12_94KM_1945;ZiS-12 (94-KM);8;6;6;2;USSR
us_m8_scott;M8 HMC;1;1;1;1;USA
us_m5a1_stuart_canadian_5st_arm;✪Stuart VI (5th CAD);4;5;5;2;USA
ussr_object_248;Object 248;16;16;16;4;USSR
ussr_is_2_1944_321;IS-2 No.321;17;16;16;4;USSR
ussr_is_2_1944_revenge;"IS-2 """"Revenge""""";17;16;16;4;USSR
ussr_su_76m_5st_kav_corps;SU-76M (5th Gv.Kav.Corps);3;3;3;2;USSR
ussr_su_100Y;SU-100Y;12;11;11;3;USSR
germ_nbfz_VI;Nb.Fz.;1;1;1;1;Germany
germ_pzkpfw_35t;Pz.35(t);0;0;0;1;Germany
germ_pzkpfw_35t_romania_mare;Pz.35(t) RM;0;0;0;1;Germany
ussr_t_10a;T-10A;20;20;20;5;USSR
ussr_t_10m;T-10M;21;22;22;6;USSR
ussr_object_279;Object 279;23;23;23;6;USSR
us_m60;M60;20;20;20;5;USA
us_magach_3;✪Magach 3 (ERA);20;20;20;5;USA
il_magach_6b_gal_batash;Gal Batash;25;25;25;6;Israel
us_merkava_mk_1;✪Merkava Mk.1;24;23;23;6;USA
us_merkava_mk_2b_late;Merkava Mk.2B (USA);24;24;24;6;USA
us_merkava_mk_3d;✪Merkava Mk.3D;28;28;28;7;USA
us_xm1_gm;XM-1 (GM);25;25;25;6;USA
us_xm1_chrysler;XM-1 (Chrysler);24;24;24;6;USA
us_xm_803;XM-803;23;24;24;6;USA
us_m3_bradley;M3 Bradley;21;21;21;6;USA
us_m3a3_bradley;M3A3 Bradley;25;25;25;6;USA
us_m1a1_hc_abrams;M1A1 HC;29;29;29;7;USA
us_m1_abrams;M1 Abrams;27;27;27;6;USA
us_m1_ip_abrams;IPM1;29;29;29;7;USA
us_m1a1_abrams;M1A1;28;28;28;6;USA
us_m1a1_aim_abrams;M1A1 AIM;29;29;29;7;USA
us_m1a2_abrams;M1A2 Abrams;30;30;30;7;USA
us_t54e1;T54E1;21;21;21;5;USA
us_t95e1;T95E1;21;21;20;6;USA
us_m60a1;M60A1 (AOS);21;21;21;6;USA
us_m60a1_rise_passive_era;M60A1 RISE (P);22;23;23;6;USA
us_m60a3_tts;M60A3 TTS;23;24;24;6;USA
us_m60a3_slep;M60 AMBT;27;26;26;7;USA
us_mbt_70;MBT-70;24;25;25;6;USA
us_m60a2;M60A2;21;21;21;6;USA
us_m1128_mgs;M1128;25;26;26;7;USA
us_m901_itv;M901;20;21;21;6;USA
germ_mkpz_m47;mKPz M47 G;19;19;19;5;Germany
germ_mkpz_m48a2c;M48A2 C;19;18;19;5;Germany
germ_mkpz_m48a2ga2;M48A2 G A2;22;21;21;6;Germany
germ_leopard_I;Leopard I;19;19;19;5;Germany
germ_leopard_I_a1;Leopard A1A1;23;23;23;6;Germany
germ_leopard_1a5;Leopard 1A5;24;24;24;6;Germany
it_leopard_1a5;⦿Leopard 1A5;24;24;24;6;Italy
germ_vt_1_2;VT1-2;21;22;22;6;Germany
germ_leopard_c2_mexas;C2A1;24;24;24;6;Germany
germ_leopard_a1a1_120;Leopard A1A1 (L/44);24;24;24;6;Germany
germ_leopard_2_pt14;PT-16/T14 mod.;26;26;26;6;Germany
germ_leopard_2av;Leopard 2AV;26;26;26;6;Germany
germ_erprobungstrager_3_achs_turm;Turm III;22;21;21;5;Germany
germ_leopard_2k;Leopard 2K;26;26;26;6;Germany
germ_leopard_2a4_pzbtl_123;Leopard 2 (PzBtl 123);27;27;27;6;Germany
germ_leopard_2a4;Leopard 2A4;27;27;27;6;Germany
germ_leopard_2pl;Leopard 2 PL;29;29;29;7;Germany
germ_leopard_2a5;Leopard 2A5;30;30;30;7;Germany
germ_leopard_2a6;Leopard 2A6;30;30;30;7;Germany
germ_kpz_70;KPz-70;24;25;25;6;Germany
us_m18_super_hellcat;Super Hellcat;15;16;16;4;USA
ussr_t_34_100;T-34-100;16;16;16;4;USSR
ussr_t_26_4;T-26-4;0;0;0;1;USSR
ussr_t_50_for_tutorial;T-50;4;4;4;2;USSR
germ_panther_II_tutorial;Panther II;4;4;4;1;USSR
us_m4a2_76w_sherman_tutorial;M4A2 (76) W;4;4;4;1;USSR
us_m26_pershing_tutorial;M26;4;4;4;1;USSR
uk_crusader_aa_mk_2_tutorial;Crusader AA Mk II;1;1;1;1;Great Britain
us_m36;M36 GMC;13;13;13;4;USA
us_m36b2;M36B2;14;14;14;4;USA
us_t92;T92;17;17;17;4;USA
us_m56_scorpion;M56;15;17;17;4;USA
us_t25;T25;16;16;16;4;USA
us_m26_t99;M26 T99;17;16;16;4;USA
us_amx_13_75;AMX-13;15;16;16;4;USA
us_amx_13_90;AMX-13-90;18;18;18;5;USA
germ_panzerwerfer_42;15 cm Pz.W.42;4;4;4;2;Germany
germ_ru251;Ru 251;17;18;18;4;Germany
germ_kanonenjagdpanzer;JPz 4-5;16;16;16;4;Germany
germ_raketenjagdpanzer_2;RakJPz 2;20;20;20;5;Germany
germ_raketenjagdpanzer_2_hot;RakJPz 2 (HOT);21;21;21;6;Germany
germ_th_800_bismark;Class 3 (P);23;23;23;6;Germany
germ_radpanzer_90;Radkampfwagen 90;24;26;26;6;Germany
germ_mkpz_super_m48;M48 Super;24;24;24;6;Germany
germ_bmp_1_ddr;SPz BMP-1;19;19;19;5;Germany
germ_le_kpz_m41;leKPz M41;16;16;16;4;Germany
germ_marder_1a1;Marder A1-;19;19;19;5;Germany
germ_marder_1a3;Marder 1A3;21;21;21;5;Germany
germ_schutzenpanzer_puma;PUMA;25;25;25;6;Germany
germ_begleitpanzer_57;Begleitpanzer 57;26;25;25;6;Germany
germ_thyssen_henschel_tam;TAM;23;23;23;6;Germany
germ_thyssen_henschel_tam_2ip;TAM 2IP;23;23;23;6;Germany
germ_thyssen_henschel_tam_2c;TAM 2C;25;26;26;7;Germany
germ_pzkpfw_e_100;E-100;21;20;20;5;Germany
ussr_bm_8_24;BM-8-24;1;1;1;1;USSR
ussr_bm_13n;BM-13N;5;5;5;2;USSR
ussr_pt_76b;PT-76B;12;13;13;3;USSR
ussr_pt_76_57;PT-76-57;19;20;20;4;USSR
ussr_object_906;Object 906;19;20;20;5;USSR
ussr_object_685;Object 685;22;23;23;6;USSR
uk_a1e1_independent;Independent;1;1;1;1;Great Britain
uk_mk1_grant;Grant I;4;5;5;2;Great Britain
uk_ac1_sentinel;A.C.I;7;6;6;2;Great Britain
uk_a_13_mk1_3rd_rtr;A13 Mk I (3rd R.T.R.);0;0;0;1;Great Britain
ussr_rbt_5;RBT-5;1;1;1;1;USSR
ussr_ba_11;BA-11;1;1;1;1;USSR
ussr_t_44_122;T-44-122;16;16;16;4;USSR
ussr_pzkpfw_V;★T-V;14;14;14;3;USSR
ussr_kv_122;KV-122;14;13;13;4;USSR
sw_pvlvv_fm42;Pvlvv fm/42;1;1;1;1;Sweden
sw_pbv_301;Pbv 301;4;4;4;2;Sweden
sw_lvkv_42;Lvkv 42;12;10;10;4;Sweden
sw_l_62_anti_II;L-62 ANTI II;8;5;5;3;Sweden
sw_tgdgb_m40_lv;Lvtdgb m/40;6;5;5;2;Sweden
sw_strf_90b;Strf 9040B;24;25;25;6;Sweden
sw_strf_9056;Strf 9040 BILL;27;27;27;6;Sweden
sw_strf_90c;Strf 9040C;27;27;27;6;Sweden
sw_cv_90105_tml;CV 90105;25;25;25;6;Sweden
sw_cv_90120;CV 90120;29;29;29;7;Sweden
sw_asrad_r;ASRAD-R;28;28;28;7;Sweden
sw_crotale_ng;ItO 90M;30;30;30;7;Sweden
sw_lvrbv_701;Lvrbv 701;25;27;27;6;Sweden
sw_udes_33;UDES 33;20;20;20;5;Sweden
sw_pvrbv_551;Pvrbv 551;21;21;21;6;Sweden
sw_pbv_302_bill;Pbv 302 (BILL);22;22;22;6;Sweden
sw_ikv_91;Ikv 91;18;18;18;4;Sweden
sw_ikv_91_105;Ikv 91-105;22;22;22;6;Sweden
sw_ikv_73;Ikv 73;5;5;5;2;Sweden
sw_ikv_103;Ikv 103;11;11;11;3;Sweden
sw_stormpjas_fm43_44;Spj fm/43-44;4;2;2;1;Sweden
sw_pvkv_III;Pvkv III;7;7;7;2;Sweden
sw_pvkv_II;Pvkv II;8;9;9;3;Sweden
sw_pvkv_m43_1946;Pvkv m/43 (1946);9;9;9;3;Sweden
sw_pvkv_m43_1963;Pvkv m/43 (1963);11;12;12;4;Sweden
sw_bkan_1c;Bkan 1C;18;17;17;4;Sweden
sw_ikv_72;Ikv 72;2;2;2;1;Sweden
sw_sav_m43_1944;Sav m/43 (1944);2;2;2;2;Sweden
sw_sav_m43_1946;Sav m/43 (1946);6;6;6;2;Sweden
sw_landsverk_ush_405;U-SH 405;19;20;20;5;Sweden
sw_veak_40;VEAK 40;22;22;22;5;Sweden
sw_lvkv_90c;Lvkv 9040C;26;27;27;6;Sweden
sw_pbil_m40;Pbil m/40;2;2;2;1;Sweden
sw_strv_m38;Strv m/38;0;0;0;1;Sweden
sw_strv_74;Strv 74;14;14;14;4;Sweden
sw_lago_1;Lago I;5;5;5;2;Sweden
sw_strv_m42_eh;Strv m/42 EH;5;5;5;2;Sweden
sw_strv_m42_delat_torn;Strv m/42 DT;12;12;12;3;Sweden
sw_strv_m31;Strv m/31;0;0;0;1;Sweden
sw_strv_m41_s1;Strv m/41 S-I;5;5;5;2;Sweden
sw_strv_m41_s2;Strv m/41 S-II;4;5;5;2;Sweden
sw_strv_m40l;Strv m/40L;3;3;3;1;Sweden
sw_strv_m39;Strv m/39;0;0;0;1;Sweden
sw_strv_m39_td;Strv m/39 TD;0;0;0;1;Sweden
sw_strv_104;Strv 104;22;22;22;6;Sweden
sw_strv_105;Strv 105;24;24;24;6;Sweden
sw_strv_103a;Strv 103A;20;20;20;5;Sweden
sw_strv_103c;Strv 103С;22;22;22;6;Sweden
sw_strv_122;Strv 122A;30;30;30;7;Sweden
sw_strv_122b_plss;Strv 122B PLSS;30;30;30;7;Sweden
sw_strv_121;Strv 121;27;27;27;6;Sweden
sw_sav_fm48;SAV 20.12.48;8;8;8;2;Sweden
sw_strv_81;Strv 81;19;19;19;4;Sweden
sw_strv_81_rb52;Strv 81 (RB 52);19;19;19;4;Sweden
sw_strv_101;Strv 101;20;20;20;5;Sweden
sw_strv_103_0;Strv 103-0;20;20;20;5;Sweden
sw_leopard_1a5no;Leopard 1A5NO;24;24;24;6;Sweden
uk_17_pdr_m10_achilles;Achilles;8;7;7;2;Great Britain
uk_ac4_thunderbolt;A.C.IV;13;13;13;3;Great Britain
uk_17_pdr_m10_achilles_norfolk_yeomanry;Achilles (65 Rg.);8;7;7;3;Great Britain
uk_sherman_ic_firefly;"Sherman IC """"Trzyniec""""";11;11;11;3;Great Britain
uk_a_13_mk2_1939;A13 Mk II 1939;1;1;1;1;Great Britain
uk_a_43_black_prince;Black Prince;15;15;14;4;Great Britain
uk_a_13_mk1;A13 Mk I;0;0;0;1;Great Britain
uk_a_13_mk2;A13 Mk II;1;1;1;1;Great Britain
uk_a27m_cromwell_1;Cromwell I;7;8;8;2;Great Britain
uk_sherman_vc_firefly;Sherman Firefly;11;11;11;3;Great Britain
uk_a_34_comet;Comet I;12;14;14;3;Great Britain
uk_vickers_mk7;Vickers Mk.7;27;27;27;6;Great Britain
uk_centurion_action_x;Centurion Action X;19;19;19;4;Great Britain
uk_centurion_mk_5_raac;Centurion Mk.5/1;19;19;19;5;Great Britain
uk_centurion_mk_3;Centurion Mk 3;19;19;19;4;Great Britain
uk_centurion_mk_1;Centurion Mk 1;15;15;15;4;Great Britain
uk_centurion_mk_3_ss11;⦿Strv 81 (RB 52);19;19;19;4;Great Britain
uk_a_22_mk_1_churchill_1941;Churchill I;6;7;7;2;Great Britain
uk_a_22b_mk_3_churchill_1942;Churchill III;9;10;10;3;Great Britain
uk_fv221_caernarvon;Caernarvon;19;19;19;4;Great Britain
uk_conqueror_mk_2;Conqueror;20;20;20;5;Great Britain
uk_fv4004_conway;Conway;18;18;18;4;Great Britain
uk_fv4005;FV4005;17;17;17;4;Great Britain
uk_fv438_swingfire;Swingfire;19;19;19;5;Great Britain
uk_fv102_striker;Striker;21;21;21;5;Great Britain
uk_ram_90mm_aa;QF 3.7 Ram;13;13;13;3;Great Britain
uk_g6_spg;G6;18;18;18;4;Great Britain
uk_ratel_zt3;ZT3A2;22;22;22;6;Great Britain
uk_eland_90_mk_7;Eland 90 Mk.7;17;18;18;4;Great Britain
uk_rooikat_mttd;Rooikat MTTD;23;23;23;6;Great Britain
uk_olifant_mk_1a;Olifant Mk.1A;22;22;22;6;Great Britain
uk_olifant_mk_2;Olifant Mk.2;24;24;24;6;Great Britain
uk_ttd;TTD;26;26;26;7;Great Britain
uk_ystervark_spaa;Ystervark;10;10;10;3;Great Britain
uk_rooikat_za_35;ZA-35;22;22;22;6;Great Britain
uk_marmon_herrington_mk_6_2pdr;SARC MkVI (2pdr);3;4;4;2;Great Britain
uk_marmon_herrington_mk_6_6pdr;SARC MkVI (6pdr);6;7;7;2;Great Britain
uk_concept3_ngac;Concept 3;10;10;10;3;Great Britain
uk_ratel_90;Ratel 90;15;15;15;4;Great Britain
uk_ratel_20;Ratel 20;17;17;17;5;Great Britain
uk_rooikat_105_td;Rooikat 105;22;23;23;6;Great Britain
uk_rooikat_76;Rooikat Mk.1D;22;22;22;6;Great Britain
uk_vfm_5;VFM5;24;25;25;6;Great Britain
uk_fv510_isv;Warrior;21;21;21;6;Great Britain
uk_falcon;Falcon;21;21;21;5;Great Britain
uk_chieftain_marksman;Chieftain Marksman;21;21;21;6;Great Britain
uk_a17_mk_1_tetrarch;Tetrarch I;0;0;0;1;Great Britain
uk_a27m_cromwell_5;Cromwell V;6;7;6;2;Great Britain
uk_a27m_cromwell_5_rp3;Cromwell V (RP-3);6;7;7;2;Great Britain
uk_a30_challenger;Challenger;12;13;13;3;Great Britain
uk_centurion_mk_10;Centurion Mk 10;20;20;20;5;Great Britain
uk_centurion_mk_5_avre_era;Centurion Mk.5 AVRE;21;18;18;5;Great Britain
uk_centurion_shot_kal_d;⦿Sho't Kal Dalet;22;22;22;6;Great Britain
uk_vickers_mbt_mk_3;Vickers Mk.3;21;21;21;5;Great Britain
uk_vickers_mbt_mk_1;Vickers Mk.1;19;20;18;5;Great Britain
uk_crusader_mk_2_the_saint;"Crusader """"The Saint""""";4;5;5;2;Great Britain
uk_crusader_mk_2;Crusader II;4;5;5;2;Great Britain
uk_crusader_mk_3;Crusader III;6;6;6;2;Great Britain
uk_a_12_mk_2_matilda_2;Matilda III;5;5;5;2;Great Britain
uk_matilda_hedgehog;Matilda Hedgehog;5;5;5;2;Great Britain
ussr_valentine_mk_9;"★МК-IX """"Valentine""""";6;6;6;2;USSR
ussr_a_12_mk_2_matilda_2A_F96;"★MK-II """"Matilda""""";8;7;7;2;USSR
uk_a_22f_mk_7_churchill_1944;Churchill VII;11;11;11;3;Great Britain
uk_valentine_mk_1;Valentine I;5;4;4;2;Great Britain
uk_valentine_mk_9;Valentine IX;6;6;6;2;Great Britain
uk_valentine_mk_11;Valentine XI;6;5;5;2;Great Britain
uk_3_inch_gun_carrier;Gun Carrier (3-in);6;5;5;2;Great Britain
uk_alecto_mk_1;Alecto I;2;2;2;1;Great Britain
uk_sp_17_pdr_valentine;Archer;5;5;5;2;Great Britain
uk_a30_sp_avenger;Avenger;11;11;11;3;Great Britain
uk_charioteer_mk_7;Charioteer Mk VII;14;16;15;4;Great Britain
uk_chieftain_mk_10;Chieftain Mk 10;24;24;24;6;Great Britain
uk_challenger_1;Challenger Mk.2;26;26;26;6;Great Britain
uk_challenger_1_mk_3_gulf;Challenger DS;26;26;26;6;Great Britain
uk_challenger_mk_3;Challenger Mk.3;27;27;27;6;Great Britain
uk_challenger_II;Challenger 2;29;29;29;7;Great Britain
uk_challenger_2_dorchester;Challenger 2 (2F);30;30;30;7;Great Britain
uk_challenger_2_tes;Challenger 2 TES;30;30;30;7;Great Britain
uk_challenger_2_bn;Black Night;30;30;30;7;Great Britain
uk_chieftain_mk_3;Chieftain Mk 3;23;22;22;6;Great Britain
uk_chieftain_mk_5;Chieftain Mk 5;23;23;23;6;Great Britain
uk_fv4202;FV4202;18;18;18;4;Great Britain
uk_a_33_excelsior;Excelsior;9;9;9;3;Great Britain
uk_a39_tortoise;Tortoise;17;17;16;4;Great Britain
uk_daimler_mk_2;Daimler Mk II;1;1;1;1;Great Britain
uk_vickers_mk_6_aa_mk_1;Light AA Mk I;0;0;0;1;Great Britain
uk_t17e2;Staghound AA;4;3;3;1;Great Britain
uk_armored_car_aec_mk_2;AEC Mk II;6;6;6;2;Great Britain
uk_armored_car_mk_2_aa;AEC AA;5;5;5;2;Great Britain
uk_crusader_aa_mk_1;Crusader AA Mk I;9;7;7;2;Great Britain
uk_crusader_aa_mk_2;Crusader AA Mk II;9;8;8;3;Great Britain
uk_skink_aa;Skink;11;11;11;4;Great Britain
germ_infanterie_kampfpanzer_churchill;✠Pz.Kpfw. Churchill;9;10;10;3;Germany
uk_a_34_comet_iron_duke;"Comet I """"Iron Duke IV""""";12;14;14;3;Great Britain
ussr_t_44_100;T-44-100;18;18;18;4;USSR
it_pzkpfw_III_ausf_N;⦿Pz.III N;6;6;6;2;Italy
it_pzkpfw_IV_ausf_G;⦿Pz.IV G;9;8;8;3;Italy
it_p_40;P40;7;7;7;2;Italy
it_p_26_40;"P40 """"G.C. Leoncello""""";7;7;7;2;Italy
it_41m_turan_2;Turan II;4;4;4;2;Italy
it_m26_ariete;"M26 """"D.C.Ariete""""";17;16;16;4;Italy
fr_m10;⦿M10 GMC;8;7;7;2;France
fr_m4a3e2_sherman_jumbo;⦿M4A3E2;13;13;13;3;France
fr_amd_35;AMD.35;0;0;0;1;France
fr_amc_34;AMC.34 YR;0;0;0;1;France
fr_fcm_36;FCM.36;0;0;0;1;France
fr_amr_35_zt3;AMR.35 ZT3;0;0;0;1;France
fr_hotchkiss_h35;H.35;0;0;0;1;France
fr_hotchkiss_h39;H.39;0;0;0;1;France
fr_hotchkiss_h39_cambronne;"H.39 """"Cambronne""""";0;0;0;1;France
fr_renault_r39;R.35 (SA38);0;0;0;1;France
fr_renault_d2;D2;1;1;1;1;France
fr_somua_s35;S.35;1;1;1;1;France
fr_m3a3_stuart;⦿M3A3 Stuart;4;5;5;2;France
fr_citroen_kegresse_p4t;P.7.T AA;1;1;1;1;France
fr_cckw_353_bofors;CCKW 353 AA;5;3;3;2;France
fr_amx_30_dca;AMX-30 DCA;22;22;22;6;France
fr_amx_13_dca_40;AMX-13 DCA 40;11;10;10;4;France
fr_m4a4_sherman;⦿M4A4;8;8;8;3;France
fr_m4a4_cn_75_50;M4A4 (SA50);12;12;12;3;France
fr_somua_sau40;SAu 40;2;2;2;2;France
fr_lorraine_155;Lorraine 155 Mle.50;10;10;10;3;France
fr_amx_elc_bis;ELC bis;15;15;15;4;France
fr_m36b2_cefeo;⦿M36B2;14;14;14;3;France
fr_lorraine_100;CA Lorraine;14;15;15;4;France
fr_amx_m4;AMX M4;17;17;17;4;France
fr_amx_50_foch;AMX-50 Foch;19;19;19;5;France
fr_amx_50_surbaisse;AMX-50 Surbaissé;20;20;20;5;France
fr_amx_50_surblinde;AMX-50 Surblindé;20;20;20;5;France
fr_lorraine_37l;Lorraine 37L;1;1;1;1;France
fr_b1_bis;B1 bis;4;4;4;2;France
fr_m4a3_105_sherman;⦿M4A3 (105);6;5;6;2;France
fr_lvt_bofors;LVT-4/40;8;8;8;2;France
fr_b1_ter;B1 ter;5;5;5;2;France
fr_arl_44;ARL-44;13;13;13;3;France
fr_arl_44_acl1;ARL-44 (ACL-1);8;8;8;3;France
fr_amc_35;AMC.35 (ACG.1);1;1;1;1;France
fr_crusader_mk_2;⦿Crusader Mk.II;4;5;5;2;France
fr_panhard_ebr_1951;E.B.R. (1951);10;12;12;3;France
fr_panhard_ebr_1954;E.B.R. (1954);14;16;16;3;France
fr_panhard_ebr_1963;E.B.R. (1963);18;18;18;4;France
fr_amx_13_chaffee;AMX-13-M24;7;7;7;2;France
fr_amx_13_fl_11;AMX-13 (FL11);9;9;9;3;France
fr_amx_13_75;AMX-13;16;17;17;4;France
fr_pzkpfw_V_panther_dauphine;"Panther """"Dauphiné""""";14;14;14;4;France
fr_bat_chat_25t;Char 25t;18;19;19;4;France
fr_aml_90;AML-90;17;18;18;4;France
fr_amx_13_90;AMX-13-90;19;19;19;5;France
fr_mars_15;MARS 15;21;21;21;6;France
fr_amx_13_hot;AMX-13 (HOT);21;21;21;6;France
fr_m4a1_sherman;⦿M4A1;7;7;7;2;France
fr_m4a1_sherman_fl_10;M4A1 (FL10);11;12;12;3;France
fr_amx_30_ACRA;AMX-30 ACRA;21;21;21;6;France
fr_sk105_a2;SK-105A2;22;22;22;6;France
fr_amx_30;AMX-30;20;20;20;5;France
fr_amx_30_1972;AMX-30 (1972);20;20;20;5;France
fr_amx_30_b2;AMX-30B2;22;22;22;6;France
fr_amx_30_super;AMX-30 Super;24;24;24;6;France
fr_amx_30_b2_brenus;AMX-30B2 BRENUS;22;22;22;6;France
fr_amx_40;AMX-40;26;26;26;6;France
fr_amx_32;AMX-32;25;25;25;6;France
fr_lorraine_40t;Lorraine 40t;18;20;19;4;France
fr_somua_sm;Somua SM;19;19;19;4;France
fr_amx_50;AMX-50 (TOA100);18;19;18;4;France
fr_amx_13_75_ss11;AMX-13 (SS.11);17;17;17;4;France
jp_type_89b_i_go_otsu;I-Go Ko;0;0;0;1;Japan
jp_type_95_ha_go;Ha-Go;0;0;0;1;Japan
jp_type_95_heavy;Ro-Go;1;1;1;1;Japan
jp_type_95_ha_go_commander;Ha-Go Commander;0;0;0;1;Japan
jp_type_98_ke_ni;Ke-Ni;0;0;0;1;Japan
jp_type_2_ka_mi;Ka-Mi;0;0;0;1;Japan
jp_type_3_ka_chi;Ka-Chi;3;3;3;1;Japan
jp_type_97_chi_ha;Chi-Ha;1;1;1;1;Japan
jp_m24_chaffee;▅M24;7;8;8;3;Japan
jp_m41_walker_bulldog;▅M41A1;15;15;15;4;Japan
jp_m4a3e8_76w_sherman;▅M4A3 (76) W;13;14;14;3;Japan
jp_type_1_chi_he_5th_regiment;Chi-He (5th Regiment);5;5;5;2;Japan
jp_type_1_chi_he;Chi-He;5;5;5;2;Japan
jp_type_2_ho_i;Ho-I;4;3;3;1;Japan
jp_type_3_chi_nu_75cm_type_5;Chi-Nu II;10;10;10;3;Japan
jp_type_3_chi_nu;Chi-Nu;7;7;7;2;Japan
jp_type_4_chi_to;Chi-To;11;11;11;3;Japan
jp_type_4_chi_to_late;Chi-To Late;11;11;11;3;Japan
jp_type_5_chi_ri;Chi-Ri II;12;12;12;3;Japan
jp_type_5_na_to;Na-To;7;7;7;3;Japan
jp_m36b2_jgsdf;▅M36B2;14;14;14;4;Japan
jp_type_5_ho_ri_prototype;Ho-Ri Prototype;17;17;17;4;Japan
jp_type_5_ho_ri_production;Ho-Ri Production;19;19;19;5;Japan
jp_st_b1;STB-1;20;21;21;5;Japan
jp_type_60_atm;Type 60 ATM;17;17;17;5;Japan
jp_type_74;Type 74 (E);23;23;23;6;Japan
jp_type_74_c;Type 74 (C);21;21;21;5;Japan
jp_type_87_rcv;Type 87 RCV;21;22;22;5;Japan
jp_type_74_f;Type 74 (F);23;23;23;6;Japan
jp_type_16_mcv_prot;Type 16 (P);23;23;23;6;Japan
jp_type_16;Type 16;24;24;24;7;Japan
jp_type_74_mod_g_kai;Type 74 (G);24;24;24;6;Japan
jp_type_75_mlrs;Type 75 MLRS;18;18;18;5;Japan
jp_type_90;Type 90;29;29;29;7;Japan
jp_type_90b;Type 90 (B);29;29;29;7;Japan
jp_type_10;Type 10;30;30;30;7;Japan
jp_st_a1;ST-A1;16;16;16;4;Japan
jp_st_a2;ST-A2;16;16;16;4;Japan
jp_st_a3;ST-A3;17;17;17;4;Japan
jp_m47_patton_II;▅M47;19;19;19;5;Japan
jp_type_61;Type 61;16;17;17;4;Japan
jp_type_97_chi_ha_12cm;Chi-Ha Short Gun;3;2;2;2;Japan
jp_type_97_kai_td;Chi-Ha Kai TD;4;4;4;1;Japan
jp_type_97_kai;Chi-Ha Kai;4;4;4;2;Japan
jp_pzkpfw_VI_ausf_e_tiger;▅Heavy Tank No.6;14;14;14;3;Japan
jp_type_94;Type 94;1;1;1;1;Japan
jp_halftrack_m16;▅M16 MGMC;5;5;5;2;Japan
jp_m19;▅M19A1;12;9;9;3;Japan
jp_type_98_ta_se;Ta-Se;2;2;2;1;Japan
jp_type_95_so_ki;So-Ki;7;6;6;2;Japan
jp_m42_duster;▅M42;14;11;11;4;Japan
jp_type_87;Type 87;21;21;21;6;Japan
jp_type_93;Type 93;24;24;24;7;Japan
jp_type_4_ho_ro;Ho-Ro;1;1;1;1;Japan
jp_hiro_sha;Ro-Go Exp.;2;2;2;1;Japan
jp_navy_120mm_spg;Chi-Ha LG;5;5;5;2;Japan
jp_type_3_ho_ni_I;Ho-Ni I;3;3;3;2;Japan
jp_type_3_ho_ni_III;Ho-Ni III;4;4;4;2;Japan
jp_type_60_sprg;Type 60 SPRG (C);17;17;17;4;Japan
il_amx_13_75;✡AMX-13;16;17;17;4;Israel
il_ss_11_halftrack;Zachlam Tager;17;17;17;4;Israel
il_aml_90;✡AML-90;17;18;18;4;Israel
il_centurion_shot_kal_d;Sho't Kal Dalet;22;22;22;6;Israel
il_centurion_shot_kal_gimel;Sho't Kal Gimel;22;22;22;6;Israel
il_centurion_shot_kal_alef;Sho't Kal Alef;21;21;21;5;Israel
il_centurion_mk_5_shot;Sho't;19;19;19;4;Israel
il_merkava_mk_1b;Merkava Mk.1B;24;24;24;6;Israel
il_merkava_mk_3b;Merkava Mk.3B;27;27;27;6;Israel
il_merkava_mk_3c;Merkava Mk.3C;27;27;27;6;Israel
il_merkava_mk_2b_early;Merkava Mk.2B;24;24;24;6;Israel
il_merkava_mk_4b;Merkava Mk.4B;30;30;30;7;Israel
il_merkava_mk_4m;Merkava Mk.4M;30;30;30;7;Israel
il_magach_3;Magach 3 (ERA);20;20;20;5;Israel
il_magach_3_idf;Magach 3 ;20;20;20;5;Israel
il_magach_5;Magach 5;21;21;21;5;Israel
il_magach_6;Magach 6;20;20;20;5;Israel
il_magach_6a;Magach 6A;20;20;20;5;Israel
il_magach_6b;Magach 6B;22;23;23;6;Israel
il_magach_6r;Magach 6R;22;22;22;6;Israel
il_magach_6c;Magach 6C;24;24;24;6;Israel
il_magach_6m;Magach 6M;23;23;23;6;Israel
il_m48a1_patton_III;Magach 1;19;19;19;4;Israel
il_tiran_4;Tiran 4;20;20;20;5;Israel
il_tiran_4_sh;Tiran 4S;20;20;20;5;Israel
il_m163_vulcan;Hovet;21;21;21;5;Israel
il_machbet;Machbet;25;25;25;6;Israel
il_magach_2;Magach 2;19;19;19;4;Israel
il_m_51;M-51;15;15;15;4;Israel
il_m_51_w;M-51 (W);15;15;15;4;Israel
il_merkava_mk_2d;Merkava Mk.2D;24;24;24;6;Israel
us_t18_e2;T18E2;6;6;6;2;USA
ussr_m551_football;;22;22;22;6;USSR
us_m551_football;;22;22;22;6;USA
cn_bt_5;BT-5;0;0;0;1;China
cn_t_26_1940;␗T-26;0;0;0;1;China
cn_t_26_no531;T-26 No.531;0;0;0;1;China
cn_type_95_ha_go;Ha-Go;0;0;0;1;China
cn_type_97_chi_ha;␗Chi-Ha;1;1;1;1;China
cn_m3a3_stuart_1st_ptg;␗M3A3 (1st PTG);4;5;5;2;China
cn_m3a3_stuart;␗M3A3 Stuart;4;5;5;2;China
cn_type_97_kai;␗Chi-Ha Kai;4;4;4;2;China
cn_m5a1_stuart;␗M5A1;4;5;5;2;China
cn_lvt_4_zis_2;LVT(A)(4) (ZiS-2);4;4;4;2;China
cn_t_34_1942;␗T-34 (1943);8;8;8;2;China
cn_type_64;M64;11;14;11;3;China
cn_m4a4_sherman;␗M4A4;8;8;8;2;China
cn_m4a4_sherman_1st_ptg;␗M4A4 (1st PTG);8;8;8;2;China
cn_t_34_85_d_5t;␗Т-34-85 (S-53);14;14;14;3;China
cn_t_34_85_zis_53_no215;T-34-85 No.215;14;14;14;4;China
cn_pt_76;␗PT-76;12;12;12;3;China
cn_is_2_1943;␗IS-2;15;14;14;4;China
cn_is_2_1943_no402;IS-2 No.402;15;14;14;4;China
cn_m113a1_tow;␗M113A1 (TOW);21;21;21;5;China
cn_cm_25;CM25;22;22;22;6;China
cn_hj_9;AFT09;23;23;23;6;China
cn_ptz_89;PTZ89;23;23;23;6;China
cn_is_2_1944;␗IS-2 mod.1944;17;16;16;4;China
cn_ztz_59a;ZTZ59A;21;21;21;5;China
cn_type_59;Type 59;21;21;21;5;China
cn_type_59d;ZTZ59D1;23;23;23;6;China
cn_ztz_88a;ZTZ88A;23;23;23;6;China
cn_ztz_96;ZTZ96;25;25;25;6;China
cn_ztz_96a;ZTZ96A;26;26;26;6;China
cn_ztz_96a_prot;ZTZ96A (P);26;26;26;6;China
cn_ztz_99;ZTZ99-II;29;29;29;7;China
cn_ztz_99_w;ZTZ99-III;29;29;29;7;China
cn_ztz_99a;ZTZ99A;30;30;30;7;China
cn_ztz_96a_race;ZTZ96A race;26;26;26;6;China
cn_type_69;Type 69;21;21;21;5;China
cn_type_69_2g;T-69 II G;22;22;22;6;China
cn_gmc_cckw_353_m45_quad;CCKW 353 (M45);4;4;4;2;China
cn_zsd63_pg87;ZSD63/PG87;10;10;10;3;China
cn_m4a1_76w_sherman;␗M4A1 (75) W;9;9;9;3;China
cn_m8_greyhound;␗M8 LAC;0;0;0;1;China
cn_m10;␗M10 GMC;8;7;7;2;China
cn_m48a1_patton_III;␗M48A1;19;19;19;5;China
cn_m60a3_tts;␗M60A3 TTS;23;23;23;6;China
cn_m36;␗M36 GMC;13;13;13;4;China
cn_m8_scott;␗M8 HMC;1;1;1;1;China
cn_m24_chaffee;␗M24;7;8;8;2;China
cn_m18_hellcat;␗M18 GMC;11;14;11;3;China
cn_object_122tm;"Object 122MT """"MC""""";22;22;22;6;China
cn_t_62;Т-62 №545;22;22;22;6;China
cn_type_69_2a;Type 69-IIa;21;21;21;5;China
cn_su_76m_1943;␗SU-76M;3;3;3;1;China
cn_isu_122;␗ISU-122;13;13;13;4;China
cn_isu_152;␗ISU-152;11;11;11;3;China
cn_su_100_1945;␗SU-100;15;15;15;4;China
cn_type_58;Т-34-85 Gai;14;14;14;4;China
cn_m_41d;M41D;21;21;21;6;China
cn_type_62;Type 62;17;17;17;4;China
cn_type_86;ZBD86;19;19;19;5;China
cn_type_65_aa;Phòng không T-34;14;12;12;4;China
cn_m42_duster;␗M42;14;11;11;3;China
cn_wz_305;WZ305;23;21;21;5;China
cn_pgz_09;PGZ09;22;22;22;6;China
cn_pgz_04a;PGZ04A;27;26;26;7;China
cn_ptl_02;PTL02;21;21;21;5;China
cn_ztl_11;ZLT11;25;25;25;7;China
cn_wma_301;WMA301;22;22;22;6;China
cn_type_63_I;Type 63-I;16;16;16;4;China
cn_cm11;CM11;25;24;24;6;China
ussr_1124_art;Pr.1124 early;3;3;3;2;USSR
ussr_1124_rct;Pr.1124 MLRS;3;3;3;2;USSR
ussr_1124_ack;Pr.1124 late;4;4;4;3;USSR
ussr_bmo;BMO;6;6;6;4;USSR
germ_s_100_s_174_class;S-100 (1944);5;5;5;3;Germany
germ_ls_class;LS 3;0;0;0;1;Germany
germ_ls4_class;LS 4 Esau;0;0;0;1;Germany
uk_fairmile_c;Fairmile C (312);4;4;4;3;Great Britain
us_elco_77ft_pt20;PT-20;2;2;2;1;USA
us_elco_80ft_pt_boat;PT-103;2;2;2;2;USA
us_elco_80ft_pt_boat_mod02;PT-565;6;6;6;3;USA
ussr_mkl_186;MBK pr.186;7;7;7;4;USSR
germ_artilleriefahrprahm_typ_d1;AF D1;5;5;5;4;Germany
uk_fairmile_d_617_632;Fairmile D (617);4;4;4;3;Great Britain
uk_fairmile_d_601_616;Fairmile D (601);4;4;4;3;Great Britain
us_elco_80ft_pt_boat_mod01;PT-314;4;4;4;3;USA
ussr_d3;D-3;1;1;1;1;USSR
germ_mz_1;MZ1;6;6;6;4;Germany
ussr_pr_183;Pr.183;7;7;7;4;USSR
germ_type140_jaguar;Jaguar;9;9;9;5;Germany
uk_dark_class;Dark Adventurer;3;3;3;2;Great Britain
uk_dark_class_mtb;Dark Aggressor;4;4;4;3;Great Britain
uk_destroyer_tribal;HMS Eskimo;10;10;10;2;Great Britain
ussr_pr_191m;Pr.191M;6;6;6;3;USSR
ussr_destroyer_7y;Soobrazitelny;10;10;10;2;USSR
ussr_pr_123bis;Pr.123-bis;4;4;4;2;USSR
us_nasty_ptf;PTF-7;2;2;2;1;USA
us_destroyer_fletcher;USS Fletcher;11;11;11;2;USA
germ_destroyer_class1936_z20;Z22 Anton Schmitt;10;10;10;2;Germany
germ_s_100_class;S-100;4;4;4;2;Germany
germ_vs8_hydrofoil;VS-8;5;5;5;3;Germany
germ_vs10_hydrofoil;VS-10;6;6;6;4;Germany
germ_artilleriefahrprahm_typ_d3;AF D3;7;7;7;4;Germany
germ_rboot_r41;R-41;0;0;0;1;Germany
germ_s_100_s204_lang;S-204 Lang;4;4;4;3;Germany
germ_type143_albatros;Albatros;8;8;8;5;Germany
germ_s38;S-38;2;2;2;1;Germany
germ_s38b;S-38b;2;2;2;2;Germany
germ_sf40_leichte_flakkampffaehre;SF40 Light;5;5;5;3;Germany
germ_sf40_schwere_flakkampffaehre;SF40 Heavy;5;5;5;3;Germany
germ_rboot_r130;R-130;2;2;2;2;Germany
germ_destroyer_class1936_z20_karlgalster;Z20 Karl Galster;11;11;11;3;Germany
germ_rboot_r301;R-301;4;4;4;2;Germany
us_pt810;PT-810;7;7;7;5;USA
us_pt811;PT-811;8;8;8;4;USA
us_elco_77ft_pt59;PT-59;6;6;6;3;USA
us_elco_80ft_pt109_boat;PT-109;2;2;2;2;USA
us_higgins_78ft_pt71;PT-71;3;3;3;2;USA
us_higgins_78ft_pt625;PT-200;5;5;5;3;USA
us_ashville_class;USS Asheville;7;7;7;4;USA
us_lcs_l_3;LCS(L)(3);8;8;8;5;USA
us_sc_497;SC-497;4;4;4;2;USA
us_destroyer_fletcher_bennion;USS Bennion;11;11;11;3;USA
us_destroyer_fletcher_cowell;USS Cowell;11;11;11;3;USA
us_pt6;PT-6;0;0;0;1;USA
us_pc_451;PC-451;3;3;3;2;USA
us_pt3;PT-3;0;0;0;1;USA
uk_cruiser_hawkins;HMS Hawkins;12;13;13;4;Great Britain
uk_cruiser_enterprise_d52;HMS Enterprise;12;12;12;3;Great Britain
germ_destroyer_class1924_leopard1932;Leopard;8;8;8;1;Germany
germ_destroyer_class1939_t22;T22;8;8;8;1;Germany
germ_cruiser_emden_1944;Emden;12;12;12;3;Germany
us_cruiser_omaha_class_trenton;USS Trenton;12;12;12;3;USA
ussr_cruiser_krasnyi_kavkaz;Krasny Kavkaz;12;12;12;3;USSR
germ_pr_206;Pr. 206;10;10;10;5;Germany
us_destroyer_clemson_litchfield;USS Litchfield;7;7;7;1;USA
germ_kanonenboot_k2;K2;9;9;9;1;Germany
us_tucumcari_pgh2;USS Tucumcari;6;6;6;4;USA
ussr_pr_206;Pr. 206;10;10;10;5;USSR
us_destroyer_clemson_barker;USS Barker;7;7;7;1;USA
ussr_g5_mtb;G-5;0;0;0;1;USSR
ussr_g5_mtb_shvak;G-5 (ShVAK);0;0;0;1;USSR
ussr_mbk_161_1944;MBK-161 late;8;8;8;4;USSR
ussr_mpk_122a;MPK pr.122A;3;3;3;2;USSR
ussr_skr_pr159;SKR-1;10;10;10;5;USSR
ussr_mo_4;MO-4;0;0;0;1;USSR
ussr_od_200;OD-200;2;2;2;1;USSR
ussr_pr_123k;Pr.123K;4;4;4;3;USSR
ussr_destroyer_7y_stroyny;Stroyny;10;10;10;3;USSR
ussr_pr_206m;Pr.206-M;10;10;10;5;USSR
ussr_mpk_163;MPK-163;3;3;3;2;USSR
ussr_pr_1204_late;Pr.1204 late;5;5;5;3;USSR
ussr_destroyer_frunze;Frunze;7;7;7;1;USSR
ussr_destroyer_kerch;Kerch;7;7;7;1;USSR
us_destroyer_farragut_1942;USS Aylwin;9;9;9;1;USA
uk_fairmile_d_697_800;Fairmile D (697);5;5;5;4;Great Britain
uk_mtb_1series;MTB-1(1);0;0;0;1;Great Britain
uk_mtb_vosper_1series;MTB Vosper;0;0;0;1;Great Britain
uk_mtb_vosper_2series;MTB Vosper(2);2;2;2;1;Great Britain
uk_brave_borderer;Brave Borderer;7;7;7;5;Great Britain
uk_sgb_304;SGB Grey Fox;6;6;6;4;Great Britain
uk_fairmile_c_332;Fairmile C (332);6;6;6;4;Great Britain
uk_isles_class_trawler;HMS Liscomb;2;2;2;2;Great Britain
uk_destroyer_haida;HMCS Haida;10;10;10;3;Great Britain
uk_fairmile_b_ml345;Fairmile B (ML345);3;3;3;2;Great Britain
uk_fairmile_a_ml100;Fairmile A (ML100);0;0;0;1;Great Britain
uk_70ft_mgb;MGB-61;2;2;2;1;Great Britain
uk_destroyer_g_grafton;HMS Grafton;8;8;8;1;Great Britain
uk_destroyer_battle_2series;HMS Armada;11;11;11;3;Great Britain
uk_destroyer_n_class;HMS Nepal;11;11;11;2;Great Britain
uk_flower_class;HMCS Brantford;3;3;3;2;Great Britain
uk_destroyer_clemson_churchill;HMS Churchill;7;7;7;1;Great Britain
us_elco_80ft_pt_boat_thunderbolt;Thunderbolt (PT-556);6;6;6;3;USA
germ_destroyer_class1934a_1940;Z12 Erich Giese;10;10;10;2;Germany
ussr_pr_191;Pr.191;5;5;5;3;USSR
ussr_mkl_186_mk85;MBK pr.186 (MK 85);7;7;7;4;USSR
ussr_pr_123k_hydrofoils;Pr.123K (A-11);4;4;4;2;USSR
uk_fairmile_d_5001_5029;Fairmile D (5001);5;5;5;3;Great Britain
germ_escort_typem1943;M-802;8;8;8;4;Germany
us_destroyer_sumner;USS Sumner;11;11;11;2;USA
ussr_ya_5m;Ya-5M;1;1;1;1;USSR
ussr_cruiser_krasnyi_krim;Krasny Krym;13;13;13;3;USSR
ussr_destroyer_pr20_tashkent;Tashkent;11;11;11;2;USSR
us_cruiser_omaha_class_raleigh;USS Raleigh;12;12;12;3;USA
ussr_destroyer_moskva;Moskva;10;10;10;1;USSR
uk_mtb_2series;MTB-1(2);0;0;0;1;Great Britain
germ_cruiser_koln;Köln;14;14;14;4;Germany
uk_cruiser_dido;HMS Dido;13;13;13;3;Great Britain
ussr_skr_pr35;SKR-7;10;10;10;5;USSR
germ_destroyer_class1936a_mob_z32;Z32;11;11;11;3;Germany
us_destroyer_somers;USS Somers;12;12;12;3;USA
ussr_destroyer_pr30_ognevoy;Ognevoy;9;9;9;1;USSR
ussr_skr_groza_1943;Groza;6;6;6;4;USSR
us_cruiser_brooklyn_class_brooklyn;USS Brooklyn;15;15;15;5;USA
ussr_destroyer_leningrad;Leningrad;10;10;10;3;USSR
uk_cruiser_leander;HMNZS Leander;13;13;13;4;Great Britain
uk_cruiser_southampton;HMS Southampton;14;14;14;5;Great Britain
ussr_cruiser_kirov;Kirov;14;14;14;4;USSR
germ_cruiser_nurnberg;Nürnberg;14;14;14;4;Germany
uk_cruiser_tiger;HMS Tiger;14;14;14;5;Great Britain
ussr_mpk_122bis;MPK Pr.122bis;4;4;4;2;USSR
jp_kusen_tei_13_1944;Type K-8 No.13 late;4;4;4;3;Japan
jp_type_t1_1941;Type T-1;0;0;0;1;Japan
jp_type38_1944;Type T-38;2;2;2;2;Japan
jp_karotei_type2;Type 4 (mod. 2);2;2;2;2;Japan
jp_abtei_pr1;Soukou-Tei;0;0;0;1;Japan
jp_abtei_pr4;Soukou-Tei No.4;1;1;1;2;Japan
jp_sehatei_mod1;Ha-Go (mod. 1);3;3;3;2;Japan
jp_t14_class;Type T-14;0;0;0;1;Japan
jp_type5_escortboat;Type 5;2;2;2;1;Japan
jp_no1_ch2;Type K-3 No.1;4;4;4;3;Japan
jp_no4_ch8;Type K-7 No.4;4;4;4;3;Japan
jp_t51b;Type T-51b;4;4;4;3;Japan
jp_pg02;PG 02;7;7;7;4;Japan
jp_t14_class_mod01;Type T-14 (mod. 1);0;0;0;1;Japan
jp_type_11_pt_15;PT-15;7;7;7;4;Japan
jp_escort_chikugo_class;Chikugo;7;7;7;4;Japan
jp_destroyer_isuzu;Isuzu;8;8;8;5;Japan
jp_destroyer_yugumo;IJN Yugumo;10;10;10;2;Japan
jp_destroyer_fubuki;IJN Ayanami;9;9;9;1;Japan
jp_destroyer_akizuki;IJN Akizuki;11;11;11;3;Japan
jp_destroyer_mutsuki;IJN Mutsuki;7;7;7;1;Japan
jp_destroyer_kiyoshimo;IJN Kiyoshimo;11;11;11;3;Japan
jp_cruiser_kuma;IJN Kuma;12;12;12;3;Japan
jp_cruiser_kako;IJN Kako;11;11;11;3;Japan
jp_cruiser_furutaka;IJN Furutaka;14;14;14;4;Japan
jp_cruiser_agano;IJN Agano;13;13;13;4;Japan
uk_frigate_river;HMS Spey;7;7;7;4;Great Britain
jp_destroyer_yuudachi;IJN Yuudachi;11;11;11;3;Japan
germ_cruiser_admiral_hipper;Admiral Hipper;14;14;14;5;Germany
us_cruiser_atlanta_class_atlanta;USS Atlanta;13;13;13;4;USA
uk_cruiser_arethusa;HMS Arethusa;12;13;13;4;Great Britain
us_pc_466_carmi;Carmi (PC-466);3;3;3;2;USA
ussr_cruiser_chapayev;Chapayev;15;15;15;4;USSR
jp_cruiser_mogami;IJN Mogami;15;15;15;5;Japan
jp_escort_hiburi_class_syonan;Syonan;7;7;7;5;Japan
ussr_pr_1204;Pr.1204;4;4;4;2;USSR
uk_71ft_mgb;MGB-75;3;3;3;2;Great Britain
jp_karotei_type4;Type 4 (Mod 4);2;2;2;2;Japan
germ_destroyer_class1939_t31;T31;9;9;9;3;Germany
ussr_mbk_161_1943;MBK-161 early;7;7;7;3;USSR
uk_cruiser_belfast;HMS Belfast;14;14;14;4;Great Britain
us_cruiser_brooklyn_class_helena;USS Helena;15;15;15;4;USA
us_cruiser_pensacola_class;USS Pensacola;13;13;13;4;USA
jp_cruiser_sendai;IJN Sendai;12;12;12;4;Japan
germ_destroyer_class1934a_1944;Z15 Erich Steinbrinck;9;9;9;1;Germany
germ_destroyer_class1936b;Z43;11;11;11;3;Germany
us_destroyer_porter_1941;USS Porter;12;12;12;3;USA
us_destroyer_porter_1944;USS Phelps;12;12;12;3;USA
uk_destroyer_k_class;HMS Kelvin;11;11;11;2;Great Britain
uk_destroyer_battle_tobruk;HMAS Tobruk;11;11;11;3;Great Britain
uk_destroyer_hunt_2series;HMS Calpe;9;9;9;1;Great Britain
uk_destroyer_hunt_4series;HMS Brissenden;9;9;9;2;Great Britain
germ_cruiser_prinz_eugen;Prinz Eugen;14;14;14;4;Germany
germ_cruiser_admiral_graf_spee;Admiral Graf Spee;14;14;14;5;Germany
jp_cruiser_mogami_suzuya;IJN Suzuya;15;15;15;5;Japan
germ_destroyer_class1924_jaguar1941;Jaguar;8;8;8;2;Germany
ussr_cruiser_sverdlov;Sverdlov;15;15;15;5;USSR
germ_cruiser_leipzig;Leipzig;13;13;13;3;Germany
us_cruiser_portland_class;USS Portland;13;13;13;4;USA
jp_cruiser_mogami_mikuma;IJN Mikuma;15;15;15;4;Japan
jp_escort_ikazuchi_class;Ikazuchi;7;7;7;4;Japan
uk_cruiser_kent;HMS Kent;15;15;15;5;Great Britain
ussr_destroyer_pr41_neustrashimy;Neustrashimy;12;12;12;3;USSR
germ_frigate_koln;Köln;10;10;10;5;Germany
uk_cruiser_london;HMS London;14;14;14;5;Great Britain
uk_sgb_309;SGB Grey Goose;6;6;6;3;Great Britain
it_mas_classe500_3;MAS 555;0;0;0;1;Italy
it_ms15_1a;MS-15;1;1;1;2;Italy
it_vas_baglietto_68t_1serie;VAS 201;1;1;1;1;Italy
it_ms53_2a;MS-53;2;2;2;2;Italy
it_mas_stefano_turr;Stefano Turr;2;2;2;2;Italy
it_a1_vosper;GIS 811;4;4;4;3;Italy
it_ms471_1a;MV-611;4;4;4;3;Italy
it_ms473_2a;MS-472;4;4;4;3;Italy
it_ms473_2a_art;MS-473;6;6;6;4;Italy
it_mc490_folgore;MC-490;7;7;7;4;Italy
it_p420_sparviero;Sparviero;8;8;8;4;Italy
it_destroyer_dardo;RN Dardo;8;8;8;1;Italy
it_destroyer_turbine;RN Turbine;7;7;7;1;Italy
it_destroyer_soldati_serie1_camicianera;RN Corazziere;10;10;10;3;Italy
it_destroyer_soldati_serie1_geniere;RN Geniere;10;10;10;3;Italy
it_cruiser_bartolomeocolleoni_1940;RN Bartolomeo Colleoni;12;12;12;3;Italy
it_cruiser_trento;RN Trento;12;13;13;4;Italy
jp_cruiser_tone;IJN Tone;15;15;15;5;Japan
us_cruiser_cleveland_class_cleveland;USS Cleveland;14;14;14;4;USA
uk_cruiser_york;HMS York;14;14;14;4;Great Britain
it_cruiser_capitani_romani_class_attilio_regolo;RN Attilio Regolo;11;11;11;3;Italy
it_mas_classe500_4;MAS 569;0;0;0;1;Italy
ussr_g5_rct;TKA-106;2;2;2;1;USSR
ussr_destroyer_pr56_spokoinyy;Spokoinyy;12;12;12;3;USSR
it_p494_saetta;Saetta P-494;11;11;11;5;Italy
it_cruiser_montecuccoli;RN Raimondo Montecuccoli;13;14;14;4;Italy
it_p493_freccia;Freccia P-493;11;11;11;4;Italy
ussr_cruiser_maxim_gorky;Maxim Gorky;14;14;14;5;USSR
ussr_pr_206_race;Pr. 206;10;10;10;5;USSR
ussr_skr_pr50_jenot;Yenot;9;9;9;5;USSR
us_cruiser_northampton_class;USS Northampton;13;13;13;4;USA
uk_corvette_peacock;HMS Peacock;8;8;8;5;Great Britain
it_mas_classe500_3_1944;MAS 561;0;0;0;1;Italy
jp_escort_akebono_class;Akebono;7;7;7;4;Japan
jp_destroyer_chidori;Chidori;8;8;8;5;Japan
it_destroyer_comandanti_medaglie_doro;RN Comandante Margottini;9;9;9;2;Italy
it_cruiser_zara_class;RN Zara;14;14;14;5;Italy
it_cruiser_zara_class_pola;RN Pola;14;14;14;4;Italy
jp_destroyer_shimakaze;IJN Shimakaze;12;12;12;3;Japan
germ_frigate_koln_lubeck;Lübeck;10;10;10;4;Germany
ussr_battleship_poltava;Poltava;17;17;17;5;USSR
uk_battleship_dreadnought;HMS Dreadnought;16;16;16;5;Great Britain
uk_battleship_colossus;HMS Colossus;17;17;17;5;Great Britain
germ_battleship_westfalen;SMS Westfalen;16;16;16;5;Germany
germ_battleship_helgoland;SMS Helgoland;16;16;16;5;Germany
us_cruiser_new_orleans_class;USS New Orleans;14;14;14;5;USA
us_battleship_north_dakota;USS North Dakota;16;16;16;5;USA
jp_battleship_settsu;IJN Settsu;16;16;16;5;Japan
jp_armoredcruiser_ikoma;IJN Ikoma;14;14;14;5;Japan
ussr_cruiser_zheleznyakov;Zheleznyakov;15;15;15;4;USSR
jp_destroyer_satsuki;IJN Satsuki;7;7;7;1;Japan
it_destroyer_aquilone;RN Aquilone;7;7;7;1;Italy
germ_destroyer_class1924_iltis;Luchs;8;8;8;1;Germany
ussr_battleship_imperatritsa_mariya;Imperatritsa Mariya;17;17;17;5;USSR
uk_destroyer_clemson_montgomery_g95;HMS Montgomery;7;7;7;1;Great Britain
us_destroyer_clemson_welborn_c_wood;USS Welborn C. Wood;7;7;7;1;USA
uk_destroyer_j_class;HMS Jervis;11;11;11;2;Great Britain
us_destroyer_porter_1942;USS Moffett;12;12;12;3;USA
uk_destroyer_g_garland;ORP Garland;8;8;8;2;Great Britain
uk_dark_class_mtb_td;Dark Aggressor TD;4;4;4;3;Great Britain
germ_battlecruiser_von_der_tann;SMS Von der Tann;16;16;16;5;Germany
jp_kusen_tei_13_1942;Type K-8 No.13;1;1;1;2;Japan
us_cruiser_baltimore_class;USS Baltimore;15;15;15;5;USA
uk_battlecruiser_invincible;HMS Invincible;16;16;16;5;Great Britain
ussr_mpk_pr12412;MPK Pr.12412;10;10;10;5;USSR
jp_battleship_hyuga;IJN Hyuga;18;18;18;5;Japan
germ_destroyer_class1936a_z25;Z25;10;10;10;3;Germany
jp_cruiser_isuzu;IJN Isuzu;12;12;12;3;Japan
germ_battleship_kaiser;SMS Kaiser;16;16;16;5;Germany
ussr_skr_pr50plo_rosomacha;Rosomacha;9;9;9;4;USSR
uk_frigate_whitby_blackpool;HMS Blackpool;8;8;8;5;Great Britain
it_cruiser_etna_class;RN Etna;11;11;11;3;Italy
jp_destroyer_yugure;JDS Yūgure (DD-184);10;10;10;2;Japan
ussr_cruiser_voroshilov;Voroshilov;14;14;14;4;USSR
us_admirable_class;USS Candid;6;6;6;4;USA
uk_frigate_leopard;HMS Leopard;9;9;9;5;Great Britain
ussr_destroyer_pr30bis_bezuprechnyi;Bezuprechny;10;10;10;2;USSR
uk_cruiser_liverpool;HMS Liverpool;13;14;14;4;Great Britain
it_battleship_dante_alighieri;RN Dante Alighieri;16;16;16;5;Italy
us_battleship_wyoming_class;USS Wyoming;17;17;17;5;USA
germ_type143_bussard;Bussard;8;8;8;5;Germany
us_cruiser_omaha_class_detroit;USS Detroit;12;12;12;3;USA
it_destroyer_soldati_serie1;RN Aviere;9;9;9;3;Italy
germ_cruiser_karlsruhe;Karlsruhe;14;14;14;4;Germany
jp_cruiser_aoba;IJN Aoba;14;14;14;4;Japan
it_destroyer_leone_class;RN Leone;10;10;10;3;Italy
uk_fairmile_lcs_l_h_mk2;Fairmile H LCS(L)(2);4;4;4;3;Great Britain
uk_corvette_orla;LÉ Orla;8;8;8;4;Great Britain
us_cruiser_baltimore_class_pittsburgh;USS Pittsburgh;15;15;15;5;USA
ussr_battleship_parizhskaya_kommuna;Parizhskaya kommuna;18;18;18;5;USSR
uk_cruiser_norfolk;HMS Norfolk;14;14;14;4;Great Britain
jp_cruiser_yubari;IJN Yubari;11;11;11;3;Japan
ussr_destroyer_pr30bis_smelyi;Smelyi;10;10;10;2;USSR
uk_destroyer_v_class_vega;HMS Vega;8;8;8;1;Great Britain
it_gabbiano_class;RN Gabbiano;7;7;7;4;Italy
germ_escort_typem1935;M-17;8;8;8;4;Germany
us_frigate_tacoma;USS Hoquiam;7;7;7;5;USA
uk_destroyer_v_class_verdun;HMS Verdun;8;8;8;1;Great Britain
uk_destroyer_tribal_mohawk;HMS Mohawk;11;11;11;2;Great Britain
us_higgins_78ft_pt658;PT-658;5;5;5;3;USA
it_destroyer_leone_class_tigre;RN Tigre;10;10;10;3;Italy
us_elco_80ft_pt174;PT-174;4;4;4;2;USA
ussr_mpk_201m;MPK Pr.201M;8;8;8;4;USSR
us_destroyer_mitscher;USS Mitscher;11;11;11;2;USA
uk_battleship_marlborough;HMS Marlborough;18;18;18;5;Great Britain
jp_destroyer_hayanami;IJN Hayanami;10;10;10;2;Japan
germ_battleship_scharnhorst;Scharnhorst;18;18;18;5;Germany
germ_rdm242;Krischan der Große;5;5;5;4;Germany
jp_destroyer_harukaze;JDS Harukaze (DD-101);9;9;9;2;Japan
us_destroyer_mitscher_wilkinson;USS Wilkinson;11;11;11;2;USA
ussr_cruiser_kerch;Kerch;12;13;13;4;USSR
ussr_mpk_201k;MPK Pr.201K;7;7;7;4;USSR
it_cruiser_eugenio_di_savoia;RN Eugenio di Savoia;13;14;14;4;Italy
uk_higgins_78ft_mtb422;MTB-422;4;4;4;3;Great Britain
uk_destroyer_v_class_valhalla;HMS Valhalla;7;7;7;1;Great Britain
it_albatros_class_f543;Albatros;8;8;8;5;Italy
us_battleship_arizona_1931;USS Arizona;17;17;17;5;USA
jp_battlecruiser_kongo;IJN Kongo;18;18;18;5;Japan
us_pgm_59_class;Kim Qui;7;7;7;3;USA
germ_skr_pr50_karl_marx;Karl Marx;9;9;9;4;Germany
ussr_mpk_pr12412p;MPK Pr.12412P;10;10;10;4;USSR
us_destroyer_somers_davis;USS Davis;12;12;12;3;USA
uk_destroyer_battle_cadiz;HMS Cadiz;11;11;11;3;Great Britain
uk_battlecruiser_hood;HMS Hood;18;18;18;5;Great Britain
germ_battleship_bayern;SMS Bayern;18;18;18;5;Germany
uk_hdml_ml1383;ML 1383;2;2;2;1;Great Britain
ussr_battlecruiser_kronshtadt;Kronshtadt;18;18;18;5;USSR
it_destroyer_fletcher_geniere;Geniere;10;10;10;2;Italy
us_destroyer_gearing;USS Gearing;11;11;11;3;USA
us_ashville_class_douglas;USS Douglas;9;9;9;4;USA
jp_destroyer_ayanami;JDS Ayanami (DD-103);9;9;9;5;Japan
jp_t51a;Type T-51a;4;4;4;3;Japan
jp_battlecruiser_haruna;IJN Haruna;18;18;18;5;Japan
us_battlecruiser_alaska_class;USS Alaska;18;18;18;5;USA
germ_km5;KM-5;1;1;1;1;Germany
ussr_cruiser_mikhail_kutuzov;Mikhail Kutuzov;15;15;15;5;USSR
germ_cruiser_elbing;SMS Elbing;11;11;11;3;Germany
jp_destroyer_hatsuharu;IJN Hatsuharu;10;10;10;2;Japan
ussr_destroyer_pr56_blagorodny;Blagorodnyy;12;12;12;3;USSR
it_destroyer_navigatori_class_verazzano;RN Da Verazzano;10;10;10;3;Italy
it_battleship_andrea_doria;RN Andrea Doria;16;16;16;5;Italy
uk_attack_class_arrow;HMAS Arrow;5;5;5;4;Great Britain
us_cyclone_class_cyclone;USS Cyclone;8;8;8;5;USA
